cluster,feature,cluster_mean,global_mean,difference_from_global
0,clan_capital_contributions,0.033388983,37854.02,-37853.984
0,trophies,359.53757,156.61906,202.9185
0,best_trophies,403.84274,525.2875,-121.44473
0,exp_level,14.96394,28.68128,-13.71734
0,war_stars,1.0834725,13.777096,-12.693624
0,donations_received,0.03405676,9.601413,-9.567356
0,donation_balance,-0.03405676,-7.9788337,7.944777
0,troop_count,23.569616,27.636755,-4.0671387
0,hero_mean_level,0.0,3.4917042,-3.4917042
0,spell_count,0.0,2.2023342,-2.2023342
0,spell_mean_level,0.0,1.9587318,-1.9587318
0,town_hall_level,4.2651086,5.940212,-1.6751032
0,donations,0.0,1.6225797,-1.6225797
0,equipment_count,0.0,1.2496161,-1.2496161
0,hero_count,0.0,0.71282065,-0.71282065
0,progression_ratio_trophies,0.92675376,0.2912131,0.63554066
0,troop_mean_level,1.1729757,1.6637032,-0.49072754
0,equipment_mean_level,0.0,0.42978108,-0.42978108
0,builder_progression_ratio,0.9952507,0.67678493,0.31846577
0,spell_mean_completion_ratio,0.0,0.1793082,-0.1793082
0,builder_hall_level,2.0,2.12609,-0.12609005
0,achievement_completion_ratio,0.17489983,0.23822038,-0.06332055
0,hero_mean_completion_ratio,0.0,0.033141892,-0.033141892
0,troop_mean_completion_ratio,0.10773163,0.13922732,-0.031495683
0,equipment_mean_completion_ratio,0.0,0.022571122,-0.022571122
0,donation_ratio,0.0,0.011416805,-0.011416805
0,attack_wins,0.0,0.00031302636,-0.00031302636
0,combat_activity_total,0.0,0.00031302636,-0.00031302636
0,defense_wins,0.0,0.0,0.0
0,achievement_count,53.0,53.0,0.0
1,clan_capital_contributions,3498.2952,37854.02,-34355.723
1,trophies,512.3319,156.61906,355.71283
1,best_trophies,583.09875,525.2875,57.81128
1,war_stars,1.5913866,13.777096,-12.185709
1,donations_received,0.006302521,9.601413,-9.59511
1,donation_balance,-0.006302521,-7.9788337,7.9725313
1,exp_level,21.515757,28.68128,-7.1655235
1,hero_mean_level,0.0,3.4917042,-3.4917042
1,troop_count,24.814075,27.636755,-2.8226795
1,donations,0.0,1.6225797,-1.6225797
1,equipment_count,0.0010504202,1.2496161,-1.2485657
1,spell_count,1.1344538,2.2023342,-1.0678804
1,spell_mean_level,1.0,1.9587318,-0.9587318
1,hero_count,0.0,0.71282065,-0.71282065
1,progression_ratio_trophies,0.89604855,0.2912131,0.60483545
1,equipment_mean_level,0.0010504202,0.42978108,-0.42873067
1,town_hall_level,5.5136557,5.940212,-0.4265561
1,troop_mean_level,1.2774142,1.6637032,-0.386289
1,builder_progression_ratio,0.99609274,0.67678493,0.3193078
1,builder_hall_level,2.0,2.12609,-0.12609005
1,spell_mean_completion_ratio,0.07735402,0.1793082,-0.101954184
1,hero_mean_completion_ratio,0.0,0.033141892,-0.033141892
1,achievement_completion_ratio,0.20827019,0.23822038,-0.029950187
1,troop_mean_completion_ratio,0.11488458,0.13922732,-0.024342738
1,equipment_mean_completion_ratio,3.890445e-05,0.022571122,-0.022532217
1,donation_ratio,0.0,0.011416805,-0.011416805
1,attack_wins,0.0,0.00031302636,-0.00031302636
1,combat_activity_total,0.0,0.00031302636,-0.00031302636
1,defense_wins,0.0,0.0,0.0
1,achievement_count,53.0,53.0,0.0
2,clan_capital_contributions,484.76526,37854.02,-37369.254
2,trophies,575.80707,156.61906,419.188
2,best_trophies,706.7963,525.2875,181.50885
2,donations_received,0.0,9.601413,-9.601413
2,donation_balance,0.0,-7.9788337,7.9788337
2,war_stars,6.8135047,13.777096,-6.963591
2,hero_mean_level,0.0,3.4917042,-3.4917042
2,spell_mean_level,4.0,1.9587318,2.0412683
2,donations,0.0,1.6225797,-1.6225797
2,equipment_count,0.0010718113,1.2496161,-1.2485443
2,spell_count,1.0,2.2023342,-1.2023342
2,builder_hall_level,3.0,2.12609,0.87390995
2,hero_count,0.0,0.71282065,-0.71282065
2,troop_count,27.022509,27.636755,-0.61424637
2,progression_ratio_trophies,0.82857895,0.2912131,0.53736585
2,town_hall_level,5.444802,5.940212,-0.49540997
2,exp_level,29.151125,28.68128,0.46984482
2,equipment_mean_level,0.0010718113,0.42978108,-0.42870927
2,builder_progression_ratio,0.98613983,0.67678493,0.3093549
2,spell_mean_completion_ratio,0.30769235,0.1793082,0.12838414
2,troop_mean_level,1.6067609,1.6637032,-0.056942344
2,hero_mean_completion_ratio,0.0,0.033141892,-0.033141892
2,equipment_mean_completion_ratio,3.969672e-05,0.022571122,-0.022531426
2,achievement_completion_ratio,0.25366518,0.23822038,0.0154448
2,donation_ratio,0.0,0.011416805,-0.011416805
2,troop_mean_completion_ratio,0.13236654,0.13922732,-0.0068607777
2,attack_wins,0.0,0.00031302636,-0.00031302636
2,combat_activity_total,0.0,0.00031302636,-0.00031302636
2,defense_wins,0.0,0.0,0.0
2,achievement_count,53.0,53.0,0.0
3,clan_capital_contributions,0.032637075,37854.02,-37853.99
3,trophies,420.91287,156.61906,264.29382
3,best_trophies,484.86194,525.2875,-40.425537
3,war_stars,0.6733029,13.777096,-13.103793
3,exp_level,16.906006,28.68128,-11.775274
3,donations_received,0.012728459,9.601413,-9.588684
3,donation_balance,-0.012728459,-7.9788337,7.966105
3,hero_mean_level,0.0,3.4917042,-3.4917042
3,troop_count,25.132507,27.636755,-2.5042477
3,spell_count,0.0,2.2023342,-2.2023342
3,spell_mean_level,0.0,1.9587318,-1.9587318
3,donations,0.0,1.6225797,-1.6225797
3,town_hall_level,4.3642297,5.940212,-1.5759821
3,equipment_count,0.0,1.2496161,-1.2496161
3,builder_hall_level,3.0,2.12609,0.87390995
3,hero_count,0.0,0.71282065,-0.71282065
3,progression_ratio_trophies,0.89094865,0.2912131,0.59973556
3,equipment_mean_level,0.0,0.42978108,-0.42978108
3,troop_mean_level,1.277888,1.6637032,-0.38581526
3,builder_progression_ratio,0.9786581,0.67678493,0.30187315
3,spell_mean_completion_ratio,0.0,0.1793082,-0.1793082
3,hero_mean_completion_ratio,0.0,0.033141892,-0.033141892
3,achievement_completion_ratio,0.20904493,0.23822038,-0.029175445
3,troop_mean_completion_ratio,0.11084092,0.13922732,-0.0283864
3,equipment_mean_completion_ratio,0.0,0.022571122,-0.022571122
3,donation_ratio,0.0,0.011416805,-0.011416805
3,attack_wins,0.0,0.00031302636,-0.00031302636
3,combat_activity_total,0.0,0.00031302636,-0.00031302636
3,defense_wins,0.0,0.0,0.0
3,achievement_count,53.0,53.0,0.0
4,clan_capital_contributions,1048.5109,37854.02,-36805.508
4,trophies,0.0,156.61906,-156.61906
4,donations_received,0.31888545,9.601413,-9.282527
4,donation_balance,-0.31888545,-7.9788337,7.6599483
4,exp_level,24.76161,28.68128,-3.91967
4,hero_mean_level,0.0,3.4917042,-3.4917042
4,war_stars,16.650154,13.777096,2.8730583
4,troop_count,25.365326,27.636755,-2.271429
4,spell_mean_level,4.0,1.9587318,2.0412683
4,donations,0.0,1.6225797,-1.6225797
4,equipment_count,0.0061919503,1.2496161,-1.2434242
4,spell_count,1.003096,2.2023342,-1.1992382
4,best_trophies,524.17957,525.2875,-1.1079102
4,hero_count,0.0,0.71282065,-0.71282065
4,town_hall_level,5.504644,5.940212,-0.43556786
4,equipment_mean_level,0.0061919503,0.42978108,-0.42358914
4,builder_progression_ratio,0.99725854,0.67678493,0.3204736
4,progression_ratio_trophies,0.0,0.2912131,-0.2912131
4,troop_mean_level,1.4433051,1.6637032,-0.22039807
4,spell_mean_completion_ratio,0.307732,0.1793082,0.12842378
4,builder_hall_level,2.0,2.12609,-0.12609005
4,hero_mean_completion_ratio,0.0,0.033141892,-0.033141892
4,achievement_completion_ratio,0.20868845,0.23822038,-0.029531926
4,equipment_mean_completion_ratio,0.0002293315,0.022571122,-0.022341792
4,troop_mean_completion_ratio,0.12759113,0.13922732,-0.011636183
4,donation_ratio,0.0,0.011416805,-0.011416805
4,attack_wins,0.0,0.00031302636,-0.00031302636
4,combat_activity_total,0.0,0.00031302636,-0.00031302636
4,defense_wins,0.0,0.0,0.0
4,achievement_count,53.0,53.0,0.0
5,clan_capital_contributions,14912.801,37854.02,-22941.219
5,trophies,0.3356256,156.61906,-156.28343
5,best_trophies,456.93753,525.2875,-68.349945
5,war_stars,17.999235,13.777096,4.2221394
5,exp_level,32.879272,28.68128,4.1979923
5,donation_balance,-5.0735435,-7.9788337,2.9052901
5,donations_received,6.731423,9.601413,-2.8699899
5,troop_count,29.573257,27.636755,1.9365025
5,spell_mean_level,3.0549984,1.9587318,1.0962666
5,town_hall_level,7.025979,5.940212,1.0857673
5,hero_mean_level,4.4907355,3.4917042,0.9990313
5,equipment_count,0.26494747,1.2496161,-0.9846687
5,builder_hall_level,3.0,2.12609,0.87390995
5,spell_count,2.713658,2.2023342,0.5113239
5,equipment_mean_level,0.11638333,0.42978108,-0.31339777
5,builder_progression_ratio,0.9880572,0.67678493,0.31127226
5,progression_ratio_trophies,0.0005494107,0.2912131,-0.2906637
5,hero_count,1.0,0.71282065,0.28717935
5,troop_mean_level,1.7946297,1.6637032,0.13092649
5,spell_mean_completion_ratio,0.28270668,0.1793082,0.10339847
5,donations,1.6578797,1.6225797,0.035300016
5,donation_ratio,0.03534838,0.011416805,0.023931578
5,equipment_mean_completion_ratio,0.005680251,0.022571122,-0.016890872
5,achievement_completion_ratio,0.25141132,0.23822038,0.01319094
5,hero_mean_completion_ratio,0.040824864,0.033141892,0.0076829717
5,troop_mean_completion_ratio,0.146872,0.13922732,0.007644683
5,attack_wins,0.0005730659,0.00031302636,0.00026003952
5,combat_activity_total,0.0005730659,0.00031302636,0.00026003952
5,defense_wins,0.0,0.0,0.0
5,achievement_count,53.0,53.0,0.0
6,clan_capital_contributions,2.0457826,37854.02,-37851.973
6,best_trophies,129.5172,525.2875,-395.77026
6,trophies,4.3260264,156.61906,-152.29305
6,exp_level,8.755965,28.68128,-19.925316
6,donations_received,0.82089347,9.601413,-8.7805195
6,war_stars,6.139983,13.777096,-7.6371126
6,donation_balance,-0.7742786,-7.9788337,7.204555
6,troop_count,21.778856,27.636755,-5.8578987
6,hero_mean_level,0.0,3.4917042,-3.4917042
6,town_hall_level,3.4009433,5.940212,-2.5392685
6,spell_count,0.0,2.2023342,-2.2023342
6,builder_hall_level,0.0,2.12609,-2.12609
6,spell_mean_level,0.0,1.9587318,-1.9587318
6,donations,0.046614874,1.6225797,-1.5759648
6,equipment_count,0.00263596,1.2496161,-1.2469802
6,hero_count,0.0,0.71282065,-0.71282065
6,builder_progression_ratio,0.0,0.67678493,-0.67678493
6,troop_mean_level,1.0710849,1.6637032,-0.59261835
6,equipment_mean_level,0.00263596,0.42978108,-0.42714512
6,progression_ratio_trophies,6.702161e-06,0.2912131,-0.2912064
6,spell_mean_completion_ratio,0.0,0.1793082,-0.1793082
6,achievement_completion_ratio,0.10350414,0.23822038,-0.13471624
6,troop_mean_completion_ratio,0.10326075,0.13922732,-0.035966568
6,hero_mean_completion_ratio,0.0,0.033141892,-0.033141892
6,equipment_mean_completion_ratio,9.762816e-05,0.022571122,-0.022473494
6,donation_ratio,0.0012884045,0.011416805,-0.0101284
6,attack_wins,0.0006936737,0.00031302636,0.0003806473
6,combat_activity_total,0.0006936737,0.00031302636,0.0003806473
6,defense_wins,0.0,0.0,0.0
6,achievement_count,53.0,53.0,0.0
7,clan_capital_contributions,29998.506,37854.02,-7855.5137
7,best_trophies,686.20874,525.2875,160.92126
7,trophies,0.32295272,156.61906,-156.29611
7,exp_level,48.48212,28.68128,19.80084
7,war_stars,21.892157,13.777096,8.115061
7,troop_count,35.52826,27.636755,7.8915043
7,hero_mean_level,10.873702,3.4917042,7.381998
7,equipment_count,5.4117646,1.2496161,4.1621485
7,donation_balance,-4.650519,-7.9788337,3.3283148
7,donations_received,6.5224915,9.601413,-3.0789213
7,spell_count,4.926759,2.2023342,2.7244246
7,town_hall_level,8.134948,5.940212,2.194736
7,builder_hall_level,4.0,2.12609,1.87391
7,equipment_mean_level,2.1874018,0.42978108,1.7576207
7,spell_mean_level,3.5138214,1.9587318,1.5550896
7,hero_count,2.0,0.71282065,1.2871794
7,troop_mean_level,2.5602894,1.6637032,0.8965862
7,builder_progression_ratio,0.98446095,0.67678493,0.30767602
7,progression_ratio_trophies,0.00060219486,0.2912131,-0.2906109
7,donations,1.8719723,1.6225797,0.24939263
7,spell_mean_completion_ratio,0.35563877,0.1793082,0.17633057
7,achievement_completion_ratio,0.33873212,0.23822038,0.100511745
7,equipment_mean_completion_ratio,0.11726985,0.022571122,0.09469873
7,hero_mean_completion_ratio,0.09885184,0.033141892,0.06570995
7,troop_mean_completion_ratio,0.19164312,0.13922732,0.052415803
7,donation_ratio,0.025297435,0.011416805,0.01388063
7,attack_wins,0.0,0.00031302636,-0.00031302636
7,combat_activity_total,0.0,0.00031302636,-0.00031302636
7,defense_wins,0.0,0.0,0.0
7,achievement_count,53.0,53.0,0.0
8,clan_capital_contributions,18015.53,37854.02,-19838.49
8,trophies,0.0,156.61906,-156.61906
8,best_trophies,508.54037,525.2875,-16.7471
8,donations_received,0.11876485,9.601413,-9.482648
8,donation_balance,0.0,-7.9788337,7.9788337
8,war_stars,8.327791,13.777096,-5.4493046
8,hero_mean_level,0.0,3.4917042,-3.4917042
8,spell_mean_level,3.6031277,1.9587318,1.644396
8,donations,0.11876485,1.6225797,-1.5038148
8,equipment_count,0.007125891,1.2496161,-1.2424903
8,troop_count,26.501188,27.636755,-1.1355667
8,hero_count,0.0,0.71282065,-0.71282065
8,town_hall_level,6.5,5.940212,0.5597882
8,equipment_mean_level,0.007125891,0.42978108,-0.4226552
8,builder_progression_ratio,0.99727374,0.67678493,0.3204888
8,progression_ratio_trophies,0.0,0.2912131,-0.2912131
8,exp_level,28.465559,28.68128,-0.21572113
8,spell_count,2.3741093,2.2023342,0.1717751
8,spell_mean_completion_ratio,0.314263,0.1793082,0.13495478
8,builder_hall_level,2.0,2.12609,-0.12609005
8,hero_mean_completion_ratio,0.0,0.033141892,-0.033141892
8,achievement_completion_ratio,0.21256258,0.23822038,-0.025657803
8,equipment_mean_completion_ratio,0.0002639219,0.022571122,-0.0223072
8,troop_mean_level,1.6833149,1.6637032,0.019611716
8,donation_ratio,0.0035629454,0.011416805,-0.00785386
8,troop_mean_completion_ratio,0.14552425,0.13922732,0.0062969327
8,attack_wins,0.0011876485,0.00031302636,0.00087462214
8,combat_activity_total,0.0011876485,0.00031302636,0.00087462214
8,defense_wins,0.0,0.0,0.0
8,achievement_count,53.0,53.0,0.0
9,clan_capital_contributions,0.0,37854.02,-37854.02
9,best_trophies,287.6019,525.2875,-237.68558
9,trophies,248.15874,156.61906,91.53967
9,exp_level,9.707936,28.68128,-18.973343
9,war_stars,2.045291,13.777096,-11.731805
9,donations_received,0.022222223,9.601413,-9.57919
9,donation_balance,-0.022222223,-7.9788337,7.9566116
9,troop_count,22.063915,27.636755,-5.5728397
9,hero_mean_level,0.0,3.4917042,-3.4917042
9,town_hall_level,3.3263493,5.940212,-2.6138625
9,spell_count,0.0,2.2023342,-2.2023342
9,builder_hall_level,0.0,2.12609,-2.12609
9,spell_mean_level,0.0,1.9587318,-1.9587318
9,donations,0.0,1.6225797,-1.6225797
9,equipment_count,0.0,1.2496161,-1.2496161
9,hero_count,0.0,0.71282065,-0.71282065
9,builder_progression_ratio,0.0,0.67678493,-0.67678493
9,progression_ratio_trophies,0.9394866,0.2912131,0.6482735
9,troop_mean_level,1.0498139,1.6637032,-0.61388934
9,equipment_mean_level,0.0,0.42978108,-0.42978108
9,spell_mean_completion_ratio,0.0,0.1793082,-0.1793082
9,achievement_completion_ratio,0.117494084,0.23822038,-0.120726295
9,troop_mean_completion_ratio,0.10126412,0.13922732,-0.037963197
9,hero_mean_completion_ratio,0.0,0.033141892,-0.033141892
9,equipment_mean_completion_ratio,0.0,0.022571122,-0.022571122
9,donation_ratio,0.0,0.011416805,-0.011416805
9,attack_wins,0.0,0.00031302636,-0.00031302636
9,combat_activity_total,0.0,0.00031302636,-0.00031302636
9,defense_wins,0.0,0.0,0.0
9,achievement_count,53.0,53.0,0.0
10,clan_capital_contributions,11549.841,37854.02,-26304.18
10,trophies,0.0,156.61906,-156.61906
10,best_trophies,657.6716,525.2875,132.3841
10,donations_received,0.036697246,9.601413,-9.564715
10,donation_balance,-0.036697246,-7.9788337,7.9421363
10,war_stars,8.581039,13.777096,-5.1960564
10,hero_mean_level,0.0,3.4917042,-3.4917042
10,exp_level,31.779205,28.68128,3.0979252
10,donations,0.0,1.6225797,-1.6225797
10,spell_mean_level,3.3494391,1.9587318,1.3907074
10,equipment_count,0.01529052,1.2496161,-1.2343256
10,builder_hall_level,3.0,2.12609,0.87390995
10,hero_count,0.0,0.71282065,-0.71282065
10,town_hall_level,6.3700304,5.940212,0.42981863
10,equipment_mean_level,0.014678899,0.42978108,-0.41510218
10,troop_count,27.980429,27.636755,0.3436737
10,builder_progression_ratio,0.98617464,0.67678493,0.3093897
10,progression_ratio_trophies,0.0,0.2912131,-0.2912131
10,spell_mean_completion_ratio,0.27996337,0.1793082,0.10065517
10,troop_mean_level,1.7279111,1.6637032,0.06420791
10,hero_mean_completion_ratio,0.0,0.033141892,-0.033141892
10,spell_count,2.1730888,2.2023342,-0.029245377
10,achievement_completion_ratio,0.26039544,0.23822038,0.022175059
10,equipment_mean_completion_ratio,0.0005436629,0.022571122,-0.022027459
10,donation_ratio,0.0,0.011416805,-0.011416805
10,troop_mean_completion_ratio,0.14251961,0.13922732,0.0032922924
10,attack_wins,0.0012232416,0.00031302636,0.0009102152
10,combat_activity_total,0.0012232416,0.00031302636,0.0009102152
10,defense_wins,0.0,0.0,0.0
10,achievement_count,53.0,53.0,0.0
11,clan_capital_contributions,48624.188,37854.02,10770.168
11,best_trophies,335.48026,525.2875,-189.80722
11,trophies,0.12609649,156.61906,-156.49297
11,war_stars,26.763159,13.777096,12.986063
11,donations_received,6.758772,9.601413,-2.8426409
11,donation_balance,-5.3870616,-7.9788337,2.591772
11,builder_hall_level,0.0,2.12609,-2.12609
11,spell_mean_level,3.5096855,1.9587318,1.5509537
11,equipment_count,0.032894738,1.2496161,-1.2167214
11,troop_count,26.569078,27.636755,-1.0676765
11,town_hall_level,6.767544,5.940212,0.827332
11,builder_progression_ratio,0.0,0.67678493,-0.67678493
11,equipment_mean_level,0.030701755,0.42978108,-0.39907932
11,spell_count,2.5800438,2.2023342,0.37770963
11,exp_level,28.976974,28.68128,0.29569435
11,progression_ratio_trophies,0.00016390091,0.2912131,-0.29104918
11,hero_count,1.0,0.71282065,0.28717935
11,donations,1.3717105,1.6225797,-0.25086915
11,hero_mean_level,3.6458333,3.4917042,0.15412903
11,spell_mean_completion_ratio,0.3200074,0.1793082,0.14069921
11,achievement_completion_ratio,0.17567523,0.23822038,-0.06254515
11,troop_mean_level,1.6235305,1.6637032,-0.040172696
11,equipment_mean_completion_ratio,0.0011371021,0.022571122,-0.02143402
11,donation_ratio,0.026166866,0.011416805,0.014750061
11,troop_mean_completion_ratio,0.14210154,0.13922732,0.0028742254
11,attack_wins,0.0,0.00031302636,-0.00031302636
11,combat_activity_total,0.0,0.00031302636,-0.00031302636
11,hero_mean_completion_ratio,0.033143938,0.033141892,2.0451844e-06
11,defense_wins,0.0,0.0,0.0
11,achievement_count,53.0,53.0,0.0
12,clan_capital_contributions,6832.841,37854.02,-31021.18
12,trophies,615.9469,156.61906,459.32782
12,best_trophies,774.631,525.2875,249.3435
12,donations_received,0.004280822,9.601413,-9.597132
12,donation_balance,-0.004280822,-7.9788337,7.9745526
12,exp_level,34.7363,28.68128,6.0550213
12,hero_mean_level,0.0,3.4917042,-3.4917042
12,war_stars,10.77911,13.777096,-2.9979858
12,donations,0.0,1.6225797,-1.6225797
12,spell_mean_level,3.4987156,1.9587318,1.5399839
12,equipment_count,0.0008561644,1.2496161,-1.24876
12,builder_hall_level,3.0,2.12609,0.87390995
12,hero_count,0.0,0.71282065,-0.71282065
12,progression_ratio_trophies,0.80928105,0.2912131,0.51806796
12,equipment_mean_level,0.0008561644,0.42978108,-0.42892492
12,troop_count,28.0,27.636755,0.363245
12,town_hall_level,6.2842464,5.940212,0.34403467
12,builder_progression_ratio,0.9859504,0.67678493,0.30916548
12,spell_count,2.0077055,2.2023342,-0.19462872
12,spell_mean_completion_ratio,0.27907786,0.1793082,0.09976965
12,troop_mean_level,1.7267559,1.6637032,0.063052654
12,achievement_completion_ratio,0.27504736,0.23822038,0.036826983
12,hero_mean_completion_ratio,0.0,0.033141892,-0.033141892
12,equipment_mean_completion_ratio,3.170979e-05,0.022571122,-0.022539413
12,donation_ratio,0.0,0.011416805,-0.011416805
12,troop_mean_completion_ratio,0.14135753,0.13922732,0.0021302104
12,attack_wins,0.0,0.00031302636,-0.00031302636
12,combat_activity_total,0.0,0.00031302636,-0.00031302636
12,defense_wins,0.0,0.0,0.0
12,achievement_count,53.0,53.0,0.0
13,clan_capital_contributions,13733.743,37854.02,-24120.277
13,best_trophies,1240.8275,525.2875,715.54004
13,trophies,0.0,156.61906,-156.61906
13,war_stars,52.275154,13.777096,38.49806
13,exp_level,58.794662,28.68128,30.113382
13,donations_received,0.0,9.601413,-9.601413
13,troop_count,35.640656,27.636755,8.003901
13,donation_balance,0.0,-7.9788337,7.9788337
13,hero_mean_level,9.322382,3.4917042,5.830678
13,spell_count,4.8747435,2.2023342,2.6724093
13,town_hall_level,8.010267,5.940212,2.0700555
13,builder_hall_level,4.0,2.12609,1.87391
13,donations,0.0,1.6225797,-1.6225797
13,spell_mean_level,3.3784392,1.9587318,1.4197074
13,equipment_count,0.0020533882,1.2496161,-1.2475628
13,troop_mean_level,2.5259757,1.6637032,0.8622725
13,equipment_mean_level,0.0020533882,0.42978108,-0.4277277
13,builder_progression_ratio,0.97455156,0.67678493,0.29776663
13,progression_ratio_trophies,0.0,0.2912131,-0.2912131
13,hero_count,1.0,0.71282065,0.28717935
13,achievement_completion_ratio,0.40049177,0.23822038,0.1622714
13,spell_mean_completion_ratio,0.3403895,0.1793082,0.16108128
13,hero_mean_completion_ratio,0.08474894,0.033141892,0.051607046
13,troop_mean_completion_ratio,0.18813345,0.13922732,0.048906133
13,equipment_mean_completion_ratio,7.605141e-05,0.022571122,-0.02249507
13,donation_ratio,0.0,0.011416805,-0.011416805
13,attack_wins,0.0,0.00031302636,-0.00031302636
13,combat_activity_total,0.0,0.00031302636,-0.00031302636
13,defense_wins,0.0,0.0,0.0
13,achievement_count,53.0,53.0,0.0
14,clan_capital_contributions,14370.977,37854.02,-23483.043
14,best_trophies,1204.1794,525.2875,678.89197
14,trophies,835.3493,156.61906,678.7302
14,exp_level,59.473682,28.68128,30.792402
14,war_stars,42.007175,13.777096,28.23008
14,donations_received,0.0,9.601413,-9.601413
14,troop_count,36.069378,27.636755,8.432623
14,donation_balance,0.0,-7.9788337,7.9788337
14,hero_mean_level,9.758373,3.4917042,6.2666693
14,spell_count,4.9760766,2.2023342,2.7737424
14,town_hall_level,8.0,5.940212,2.0597882
14,builder_hall_level,4.0,2.12609,1.87391
14,donations,0.0,1.6225797,-1.6225797
14,spell_mean_level,3.4704542,1.9587318,1.5117224
14,equipment_count,0.0,1.2496161,-1.2496161
14,troop_mean_level,2.5944245,1.6637032,0.9307213
14,equipment_mean_level,0.0,0.42978108,-0.42978108
14,progression_ratio_trophies,0.70258975,0.2912131,0.41137666
14,builder_progression_ratio,0.97877854,0.67678493,0.3019936
14,hero_count,1.0,0.71282065,0.28717935
14,spell_mean_completion_ratio,0.35121807,0.1793082,0.17190987
14,achievement_completion_ratio,0.39577246,0.23822038,0.15755208
14,hero_mean_completion_ratio,0.08871249,0.033141892,0.0555706
14,troop_mean_completion_ratio,0.19205472,0.13922732,0.052827403
14,equipment_mean_completion_ratio,0.0,0.022571122,-0.022571122
14,donation_ratio,0.0,0.011416805,-0.011416805
14,attack_wins,0.0,0.00031302636,-0.00031302636
14,combat_activity_total,0.0,0.00031302636,-0.00031302636
14,defense_wins,0.0,0.0,0.0
14,achievement_count,53.0,53.0,0.0
15,clan_capital_contributions,6592.402,37854.02,-31261.617
15,best_trophies,361.28748,525.2875,-164.0
15,trophies,0.0,156.61906,-156.61906
15,war_stars,1.0258856,13.777096,-12.75121
15,donations_received,0.032697547,9.601413,-9.568715
15,exp_level,19.348774,28.68128,-9.332506
15,donation_balance,-0.024523161,-7.9788337,7.9543104
15,hero_mean_level,0.0,3.4917042,-3.4917042
15,troop_count,24.71526,27.636755,-2.9214954
15,donations,0.008174387,1.6225797,-1.6144053
15,equipment_count,0.0027247956,1.2496161,-1.2468914
15,spell_count,1.2411444,2.2023342,-0.96118975
15,spell_mean_level,1.0,1.9587318,-0.9587318
15,hero_count,0.0,0.71282065,-0.71282065
15,equipment_mean_level,0.0027247956,0.42978108,-0.42705628
15,troop_mean_level,1.2900754,1.6637032,-0.37362778
15,builder_progression_ratio,0.9967651,0.67678493,0.31998014
15,progression_ratio_trophies,0.0,0.2912131,-0.2912131
15,builder_hall_level,2.0,2.12609,-0.12609005
15,spell_mean_completion_ratio,0.07786482,0.1793082,-0.10144339
15,town_hall_level,5.8678474,5.940212,-0.07236433
15,achievement_completion_ratio,0.1876319,0.23822038,-0.050588474
15,hero_mean_completion_ratio,0.0,0.033141892,-0.033141892
15,troop_mean_completion_ratio,0.1161061,0.13922732,-0.023121215
15,equipment_mean_completion_ratio,0.000100918354,0.022571122,-0.022470204
15,donation_ratio,0.0008174387,0.011416805,-0.010599366
15,attack_wins,0.0027247956,0.00031302636,0.0024117692
15,combat_activity_total,0.0027247956,0.00031302636,0.0024117692
15,defense_wins,0.0,0.0,0.0
15,achievement_count,53.0,53.0,0.0
16,clan_capital_contributions,370.43115,37854.02,-37483.59
16,trophies,0.0,156.61906,-156.61906
16,best_trophies,648.3449,525.2875,123.057434
16,donations_received,0.10136157,9.601413,-9.5000515
16,war_stars,5.694402,13.777096,-8.082693
16,donation_balance,-0.10136157,-7.9788337,7.877472
16,hero_mean_level,0.0,3.4917042,-3.4917042
16,spell_mean_level,4.0,1.9587318,2.0412683
16,donations,0.0,1.6225797,-1.6225797
16,equipment_count,0.0015128592,1.2496161,-1.2481033
16,spell_count,1.0030258,2.2023342,-1.1993084
16,exp_level,27.503782,28.68128,-1.1774979
16,builder_hall_level,3.0,2.12609,0.87390995
16,hero_count,0.0,0.71282065,-0.71282065
16,troop_count,26.963692,27.636755,-0.6730633
16,town_hall_level,5.419062,5.940212,-0.52114964
16,equipment_mean_level,0.0015128592,0.42978108,-0.42826822
16,builder_progression_ratio,0.9814071,0.67678493,0.30462217
16,progression_ratio_trophies,0.0,0.2912131,-0.2912131
16,spell_mean_completion_ratio,0.3077311,0.1793082,0.12842289
16,troop_mean_level,1.6066289,1.6637032,-0.05707431
16,hero_mean_completion_ratio,0.0,0.033141892,-0.033141892
16,equipment_mean_completion_ratio,5.6031826e-05,0.022571122,-0.02251509
16,donation_ratio,0.0,0.011416805,-0.011416805
16,achievement_completion_ratio,0.24753673,0.23822038,0.009316355
16,troop_mean_completion_ratio,0.13254246,0.13922732,-0.0066848546
16,attack_wins,0.0,0.00031302636,-0.00031302636
16,combat_activity_total,0.0,0.00031302636,-0.00031302636
16,defense_wins,0.0,0.0,0.0
16,achievement_count,53.0,53.0,0.0
17,clan_capital_contributions,0.0,37854.02,-37854.02
17,trophies,0.46021506,156.61906,-156.15884
17,best_trophies,496.58386,525.2875,-28.703613
17,war_stars,1.3451613,13.777096,-12.431934
17,exp_level,17.917204,28.68128,-10.764076
17,donations_received,0.022580646,9.601413,-9.578832
17,donation_balance,-0.022580646,-7.9788337,7.956253
17,hero_mean_level,0.0,3.4917042,-3.4917042
17,troop_count,25.309677,27.636755,-2.3270779
17,spell_count,0.0,2.2023342,-2.2023342
17,spell_mean_level,0.0,1.9587318,-1.9587318
17,donations,0.0,1.6225797,-1.6225797
17,town_hall_level,4.4010754,5.940212,-1.5391364
17,equipment_count,0.0021505377,1.2496161,-1.2474656
17,builder_hall_level,3.0,2.12609,0.87390995
17,hero_count,0.0,0.71282065,-0.71282065
17,equipment_mean_level,0.0010752688,0.42978108,-0.4287058
17,troop_mean_level,1.3283205,1.6637032,-0.3353827
17,builder_progression_ratio,0.9795115,0.67678493,0.30272657
17,progression_ratio_trophies,0.0,0.2912131,-0.2912131
17,spell_mean_completion_ratio,0.0,0.1793082,-0.1793082
17,hero_mean_completion_ratio,0.0,0.033141892,-0.033141892
17,achievement_completion_ratio,0.21226585,0.23822038,-0.02595453
17,troop_mean_completion_ratio,0.114542544,0.13922732,-0.024684772
17,equipment_mean_completion_ratio,3.9824772e-05,0.022571122,-0.022531297
17,donation_ratio,0.0,0.011416805,-0.011416805
17,attack_wins,0.0,0.00031302636,-0.00031302636
17,combat_activity_total,0.0,0.00031302636,-0.00031302636
17,defense_wins,0.0,0.0,0.0
17,achievement_count,53.0,53.0,0.0
18,clan_capital_contributions,58230.117,37854.02,20376.098
18,best_trophies,1096.5065,525.2875,571.219
18,trophies,0.41468388,156.61906,-156.20438
18,war_stars,53.30863,13.777096,39.531536
18,exp_level,64.92794,28.68128,36.24666
18,hero_mean_level,20.392702,3.4917042,16.900997
18,troop_count,38.88375,27.636755,11.246996
18,equipment_count,9.004079,1.2496161,7.7544627
18,spell_count,8.982325,2.2023342,6.77999
18,donations_received,5.832767,9.601413,-3.7686458
18,donation_balance,-4.6587358,-7.9788337,3.320098
18,town_hall_level,9.089055,5.940212,3.1488433
18,equipment_mean_level,3.317791,0.42978108,2.88801
18,hero_count,3.0,0.71282065,2.2871795
18,builder_hall_level,4.0,2.12609,1.87391
18,troop_mean_level,3.009986,1.6637032,1.3462827
18,spell_mean_level,3.2187932,1.9587318,1.2600614
18,donations,1.1740313,1.6225797,-0.44854844
18,builder_progression_ratio,0.98680526,0.67678493,0.31002033
18,progression_ratio_trophies,0.00045971444,0.2912131,-0.2907534
18,achievement_completion_ratio,0.43124765,0.23822038,0.19302727
18,spell_mean_completion_ratio,0.35973415,0.1793082,0.18042594
18,hero_mean_completion_ratio,0.18920359,0.033141892,0.1560617
18,equipment_mean_completion_ratio,0.1743693,0.022571122,0.15179819
18,troop_mean_completion_ratio,0.22895399,0.13922732,0.08972667
18,donation_ratio,0.014304939,0.011416805,0.0028881337
18,attack_wins,0.0,0.00031302636,-0.00031302636
18,combat_activity_total,0.0,0.00031302636,-0.00031302636
18,defense_wins,0.0,0.0,0.0
18,achievement_count,53.0,53.0,0.0
19,clan_capital_contributions,18566.672,37854.02,-19287.348
19,best_trophies,771.0645,525.2875,245.77704
19,trophies,0.21793798,156.61906,-156.40112
19,exp_level,41.25817,28.68128,12.576891
19,donations_received,3.694887,9.601413,-5.9065256
19,donation_balance,-2.989103,-7.9788337,4.989731
19,troop_count,32.515507,27.636755,4.8787518
19,war_stars,17.844929,13.777096,4.067833
19,hero_mean_level,6.465214,3.4917042,2.9735096
19,builder_hall_level,4.0,2.12609,1.87391
19,spell_mean_level,3.7143056,1.9587318,1.7555739
19,town_hall_level,7.1508803,5.940212,1.2106686
19,equipment_count,0.07041073,1.2496161,-1.1792054
19,donations,0.7057837,1.6225797,-0.91679597
19,spell_count,2.9354568,2.2023342,0.7331226
19,troop_mean_level,2.2021594,1.6637032,0.5384562
19,equipment_mean_level,0.054484494,0.42978108,-0.3752966
19,builder_progression_ratio,0.9786674,0.67678493,0.30188245
19,progression_ratio_trophies,0.0004996831,0.2912131,-0.2907134
19,hero_count,1.0,0.71282065,0.28717935
19,spell_mean_completion_ratio,0.3637018,0.1793082,0.18439358
19,achievement_completion_ratio,0.31952456,0.23822038,0.08130418
19,troop_mean_completion_ratio,0.16624165,0.13922732,0.02701433
19,hero_mean_completion_ratio,0.05877467,0.033141892,0.025632776
19,equipment_mean_completion_ratio,0.0021576479,0.022571122,-0.020413475
19,donation_ratio,0.008744276,0.011416805,-0.0026725288
19,attack_wins,0.001676446,0.00031302636,0.0013634196
19,combat_activity_total,0.001676446,0.00031302636,0.0013634196
19,defense_wins,0.0,0.0,0.0
19,achievement_count,53.0,53.0,0.0
20,clan_capital_contributions,63288.113,37854.02,25434.094
20,best_trophies,998.9966,525.2875,473.7091
20,trophies,0.64220184,156.61906,-155.97687
20,war_stars,67.74426,13.777096,53.967167
20,exp_level,61.06537,28.68128,32.384087
20,hero_mean_level,20.292048,3.4917042,16.800343
20,troop_count,36.56537,27.636755,8.928614
20,equipment_count,9.298165,1.2496161,8.04855
20,spell_count,8.975918,2.2023342,6.7735834
20,town_hall_level,9.071101,5.940212,3.1308894
20,equipment_mean_level,3.3234458,0.42978108,2.8936648
20,hero_count,3.0,0.71282065,2.2871795
20,spell_mean_level,3.2447593,1.9587318,1.2860276
20,troop_mean_level,2.798566,1.6637032,1.1348629
20,builder_hall_level,3.0,2.12609,0.87390995
20,donations_received,9.266055,9.601413,-0.33535767
20,builder_progression_ratio,0.9920404,0.67678493,0.31525546
20,progression_ratio_trophies,0.0007456711,0.2912131,-0.2904674
20,donation_balance,-7.7316513,-7.9788337,0.24718237
20,spell_mean_completion_ratio,0.3626342,0.1793082,0.183326
20,achievement_completion_ratio,0.39389217,0.23822038,0.15567179
20,hero_mean_completion_ratio,0.18833439,0.033141892,0.1551925
20,equipment_mean_completion_ratio,0.17201816,0.022571122,0.14944704
20,donations,1.5344037,1.6225797,-0.08817601
20,troop_mean_completion_ratio,0.22338198,0.13922732,0.084154665
20,donation_ratio,0.016525911,0.011416805,0.005109106
20,attack_wins,0.0,0.00031302636,-0.00031302636
20,combat_activity_total,0.0,0.00031302636,-0.00031302636
20,defense_wins,0.0,0.0,0.0
20,achievement_count,53.0,53.0,0.0
21,clan_capital_contributions,618.50476,37854.02,-37235.516
21,trophies,540.6635,156.61906,384.04443
21,best_trophies,637.7841,525.2875,112.49664
21,donations_received,0.0,9.601413,-9.601413
21,donation_balance,0.0,-7.9788337,7.9788337
21,war_stars,6.4698415,13.777096,-7.3072543
21,hero_mean_level,0.0,3.4917042,-3.4917042
21,troop_count,25.409523,27.636755,-2.227232
21,spell_mean_level,4.0,1.9587318,2.0412683
21,donations,0.0,1.6225797,-1.6225797
21,exp_level,27.428572,28.68128,-1.2527084
21,equipment_count,0.0,1.2496161,-1.2496161
21,spell_count,1.0,2.2023342,-1.2023342
21,hero_count,0.0,0.71282065,-0.71282065
21,progression_ratio_trophies,0.8613345,0.2912131,0.5701214
21,town_hall_level,5.4444447,5.940212,-0.49576712
21,equipment_mean_level,0.0,0.42978108,-0.42978108
21,builder_progression_ratio,0.9971046,0.67678493,0.32031965
21,troop_mean_level,1.438987,1.6637032,-0.22471619
21,spell_mean_completion_ratio,0.30769232,0.1793082,0.12838411
21,builder_hall_level,2.0,2.12609,-0.12609005
21,hero_mean_completion_ratio,0.0,0.033141892,-0.033141892
21,equipment_mean_completion_ratio,0.0,0.022571122,-0.022571122
21,achievement_completion_ratio,0.2215815,0.23822038,-0.016638875
21,troop_mean_completion_ratio,0.12704636,0.13922732,-0.012180954
21,donation_ratio,0.0,0.011416805,-0.011416805
21,attack_wins,0.0,0.00031302636,-0.00031302636
21,combat_activity_total,0.0,0.00031302636,-0.00031302636
21,defense_wins,0.0,0.0,0.0
21,achievement_count,53.0,53.0,0.0
22,clan_capital_contributions,4246.478,37854.02,-33607.543
22,trophies,654.93384,156.61906,498.31476
22,best_trophies,846.9395,525.2875,321.65204
22,donations_received,0.0018903592,9.601413,-9.599523
22,exp_level,37.48582,28.68128,8.804541
22,donation_balance,-0.0018903592,-7.9788337,7.9769435
22,war_stars,7.977316,13.777096,-5.79978
22,hero_mean_level,0.0,3.4917042,-3.4917042
22,troop_count,29.967863,27.636755,2.331108
22,builder_hall_level,4.0,2.12609,1.87391
22,donations,0.0,1.6225797,-1.6225797
22,spell_mean_level,3.5,1.9587318,1.5412682
22,equipment_count,0.0018903592,1.2496161,-1.2477258
22,hero_count,0.0,0.71282065,-0.71282065
22,progression_ratio_trophies,0.78311914,0.2912131,0.49190605
22,equipment_mean_level,0.0018903592,0.42978108,-0.42789072
22,troop_mean_level,1.9967477,1.6637032,0.33304453
22,town_hall_level,6.2703214,5.940212,0.3301096
22,builder_progression_ratio,0.9751926,0.67678493,0.29840767
22,spell_count,2.0,2.2023342,-0.20233417
22,spell_mean_completion_ratio,0.27884617,0.1793082,0.09953797
22,achievement_completion_ratio,0.30313122,0.23822038,0.064910844
22,hero_mean_completion_ratio,0.0,0.033141892,-0.033141892
22,equipment_mean_completion_ratio,7.00133e-05,0.022571122,-0.02250111
22,troop_mean_completion_ratio,0.15124038,0.13922732,0.012013063
22,donation_ratio,0.0,0.011416805,-0.011416805
22,attack_wins,0.0,0.00031302636,-0.00031302636
22,combat_activity_total,0.0,0.00031302636,-0.00031302636
22,defense_wins,0.0,0.0,0.0
22,achievement_count,53.0,53.0,0.0
23,clan_capital_contributions,13289.887,37854.02,-24564.133
23,trophies,601.203,156.61906,444.58392
23,best_trophies,738.5761,525.2875,213.28864
23,donations_received,0.16119403,9.601413,-9.440219
23,donation_balance,-0.16119403,-7.9788337,7.81764
23,exp_level,33.361195,28.68128,4.6799145
23,war_stars,9.985075,13.777096,-3.7920208
23,hero_mean_level,0.0,3.4917042,-3.4917042
23,donations,0.0,1.6225797,-1.6225797
23,spell_mean_level,3.5,1.9587318,1.5412682
23,equipment_count,0.0089552235,1.2496161,-1.2406609
23,troop_count,26.414925,27.636755,-1.2218304
23,hero_count,0.0,0.71282065,-0.71282065
23,progression_ratio_trophies,0.8309526,0.2912131,0.5397395
23,equipment_mean_level,0.0089552235,0.42978108,-0.42082587
23,town_hall_level,6.2597017,5.940212,0.31948996
23,builder_progression_ratio,0.99598914,0.67678493,0.3192042
23,spell_count,2.0,2.2023342,-0.20233417
23,builder_hall_level,2.0,2.12609,-0.12609005
23,spell_mean_completion_ratio,0.27884617,0.1793082,0.09953797
23,troop_mean_level,1.5785978,1.6637032,-0.08510542
23,hero_mean_completion_ratio,0.0,0.033141892,-0.033141892
23,equipment_mean_completion_ratio,0.00033167496,0.022571122,-0.022239447
23,donation_ratio,0.0,0.011416805,-0.011416805
23,achievement_completion_ratio,0.2444571,0.23822038,0.006236717
23,troop_mean_completion_ratio,0.13707751,0.13922732,-0.0021498054
23,attack_wins,0.0,0.00031302636,-0.00031302636
23,combat_activity_total,0.0,0.00031302636,-0.00031302636
23,defense_wins,0.0,0.0,0.0
23,achievement_count,53.0,53.0,0.0
24,clan_capital_contributions,14119.0625,37854.02,-23734.957
24,trophies,690.2534,156.61906,533.63434
24,best_trophies,940.39966,525.2875,415.11218
24,exp_level,44.214287,28.68128,15.533007
24,war_stars,29.166666,13.777096,15.38957
24,donations_received,0.0,9.601413,-9.601413
24,donation_balance,0.0,-7.9788337,7.9788337
24,troop_count,30.89966,27.636755,3.2629051
24,hero_mean_level,5.998299,3.4917042,2.506595
24,spell_mean_level,3.886338,1.9587318,1.9276062
24,donations,0.0,1.6225797,-1.6225797
24,equipment_count,0.0051020407,1.2496161,-1.2445141
24,town_hall_level,7.142857,5.940212,1.2026453
24,builder_hall_level,3.0,2.12609,0.87390995
24,spell_count,3.0,2.2023342,0.79766583
24,progression_ratio_trophies,0.74666774,0.2912131,0.45545465
24,equipment_mean_level,0.0051020407,0.42978108,-0.42467904
24,troop_mean_level,2.026203,1.6637032,0.3624997
24,builder_progression_ratio,0.9889567,0.67678493,0.31217176
24,hero_count,1.0,0.71282065,0.28717935
24,spell_mean_completion_ratio,0.38957313,0.1793082,0.21026492
24,achievement_completion_ratio,0.3153907,0.23822038,0.07717033
24,troop_mean_completion_ratio,0.16161034,0.13922732,0.02238302
24,equipment_mean_completion_ratio,0.00018896448,0.022571122,-0.022382157
24,hero_mean_completion_ratio,0.054529995,0.033141892,0.021388102
24,donation_ratio,0.0,0.011416805,-0.011416805
24,attack_wins,0.0,0.00031302636,-0.00031302636
24,combat_activity_total,0.0,0.00031302636,-0.00031302636
24,defense_wins,0.0,0.0,0.0
24,achievement_count,53.0,53.0,0.0
25,clan_capital_contributions,31715.975,37854.02,-6138.045
25,trophies,0.40178192,156.61906,-156.21729
25,best_trophies,628.28894,525.2875,103.001465
25,exp_level,44.151463,28.68128,15.470182
25,war_stars,27.669071,13.777096,13.891975
25,hero_mean_level,10.195164,3.4917042,6.7034597
25,troop_count,33.285534,27.636755,5.648779
25,equipment_count,5.4493,1.2496161,4.1996837
25,spell_count,4.8532033,2.2023342,2.6508691
25,donations_received,7.238014,9.601413,-2.3633986
25,town_hall_level,8.092915,5.940212,2.1527028
25,donation_balance,-5.99406,-7.9788337,1.9847736
25,equipment_mean_level,1.9923694,0.42978108,1.5625883
25,spell_mean_level,3.4596734,1.9587318,1.5009416
25,hero_count,2.0,0.71282065,1.2871794
25,builder_hall_level,3.0,2.12609,0.87390995
25,troop_mean_level,2.2739882,1.6637032,0.61028504
25,donations,1.2439542,1.6225797,-0.3786255
25,builder_progression_ratio,0.9912696,0.67678493,0.31448466
25,progression_ratio_trophies,0.00075211824,0.2912131,-0.29046097
25,spell_mean_completion_ratio,0.349207,0.1793082,0.16989881
25,equipment_mean_completion_ratio,0.10611746,0.022571122,0.08354633
25,achievement_completion_ratio,0.30291146,0.23822038,0.06469108
25,hero_mean_completion_ratio,0.0926833,0.033141892,0.059541408
25,troop_mean_completion_ratio,0.18011943,0.13922732,0.04089211
25,donation_ratio,0.018299488,0.011416805,0.0068826834
25,attack_wins,0.0,0.00031302636,-0.00031302636
25,combat_activity_total,0.0,0.00031302636,-0.00031302636
25,defense_wins,0.0,0.0,0.0
25,achievement_count,53.0,53.0,0.0
26,clan_capital_contributions,13594.513,37854.02,-24259.508
26,best_trophies,1064.4615,525.2875,539.1741
26,trophies,0.0,156.61906,-156.61906
26,exp_level,50.46154,28.68128,21.78026
26,donations_received,0.51282054,9.601413,-9.088593
26,donation_balance,0.15384616,-7.9788337,8.13268
26,troop_count,34.333332,27.636755,6.696577
26,builder_hall_level,5.0,2.12609,2.87391
26,spell_mean_level,4.0,1.9587318,2.0412683
26,hero_count,2.0,0.71282065,1.2871794
26,hero_mean_level,4.74359,3.4917042,1.2518857
26,equipment_count,0.025641026,1.2496161,-1.2239751
26,town_hall_level,7.025641,5.940212,1.0854292
26,war_stars,14.846154,13.777096,1.0690584
26,troop_mean_level,2.6210003,1.6637032,0.9572971
26,donations,0.6666667,1.6225797,-0.955913
26,spell_count,3.0,2.2023342,0.79766583
26,equipment_mean_level,0.025641026,0.42978108,-0.40414006
26,builder_progression_ratio,0.97938174,0.67678493,0.3025968
26,progression_ratio_trophies,0.0,0.2912131,-0.2912131
26,spell_mean_completion_ratio,0.40415132,0.1793082,0.22484311
26,achievement_completion_ratio,0.35820726,0.23822038,0.11998688
26,troop_mean_completion_ratio,0.18606612,0.13922732,0.046838805
26,hero_mean_completion_ratio,0.05735931,0.033141892,0.02421742
26,equipment_mean_completion_ratio,0.00094966765,0.022571122,-0.021621455
26,donation_ratio,0.032051284,0.011416805,0.02063448
26,attack_wins,0.0,0.00031302636,-0.00031302636
26,combat_activity_total,0.0,0.00031302636,-0.00031302636
26,defense_wins,0.0,0.0,0.0
26,achievement_count,53.0,53.0,0.0
27,clan_capital_contributions,656.08716,37854.02,-37197.934
27,trophies,557.12256,156.61906,400.50348
27,best_trophies,633.7777,525.2875,108.490234
27,war_stars,1.1941378,13.777096,-12.582958
27,donations_received,0.015607157,9.601413,-9.585806
27,donation_balance,-0.015607157,-7.9788337,7.9632263
27,exp_level,22.751427,28.68128,-5.9298534
27,hero_mean_level,0.0,3.4917042,-3.4917042
27,donations,0.0,1.6225797,-1.6225797
27,equipment_count,0.0007613247,1.2496161,-1.2488549
27,troop_count,26.512371,27.636755,-1.1243839
27,spell_count,1.1629235,2.2023342,-1.0394107
27,spell_mean_level,1.0,1.9587318,-0.9587318
27,builder_hall_level,3.0,2.12609,0.87390995
27,hero_count,0.0,0.71282065,-0.71282065
27,progression_ratio_trophies,0.88996285,0.2912131,0.59874976
27,town_hall_level,5.4842024,5.940212,-0.4560094
27,equipment_mean_level,0.0007613247,0.42978108,-0.42901975
27,builder_progression_ratio,0.9794478,0.67678493,0.30266285
27,troop_mean_level,1.3701739,1.6637032,-0.29352927
27,spell_mean_completion_ratio,0.07745201,0.1793082,-0.101856194
27,hero_mean_completion_ratio,0.0,0.033141892,-0.033141892
27,troop_mean_completion_ratio,0.11645755,0.13922732,-0.022769764
27,equipment_mean_completion_ratio,2.8197212e-05,0.022571122,-0.022542926
27,donation_ratio,0.0,0.011416805,-0.011416805
27,achievement_completion_ratio,0.24026108,0.23822038,0.0020406991
27,attack_wins,0.0,0.00031302636,-0.00031302636
27,combat_activity_total,0.0,0.00031302636,-0.00031302636
27,defense_wins,0.0,0.0,0.0
27,achievement_count,53.0,53.0,0.0
28,clan_capital_contributions,0.0,37854.02,-37854.02
28,trophies,1.5781711,156.61906,-155.0409
28,best_trophies,402.38742,525.2875,-122.900055
28,exp_level,15.824975,28.68128,-12.856305
28,war_stars,3.2546706,13.777096,-10.522425
28,donations_received,0.06391347,9.601413,-9.537499
28,donation_balance,-0.06391347,-7.9788337,7.9149203
28,troop_count,23.782694,27.636755,-3.8540611
28,hero_mean_level,0.0,3.4917042,-3.4917042
28,spell_count,0.0,2.2023342,-2.2023342
28,spell_mean_level,0.0,1.9587318,-1.9587318
28,town_hall_level,4.293019,5.940212,-1.647193
28,donations,0.0,1.6225797,-1.6225797
28,equipment_count,0.0009832842,1.2496161,-1.2486329
28,hero_count,0.0,0.71282065,-0.71282065
28,troop_mean_level,1.2180495,1.6637032,-0.44565368
28,equipment_mean_level,0.0009832842,0.42978108,-0.42879778
28,builder_progression_ratio,0.9959532,0.67678493,0.31916827
28,progression_ratio_trophies,0.0,0.2912131,-0.2912131
28,spell_mean_completion_ratio,0.0,0.1793082,-0.1793082
28,builder_hall_level,2.0,2.12609,-0.12609005
28,achievement_completion_ratio,0.17594704,0.23822038,-0.06227334
28,hero_mean_completion_ratio,0.0,0.033141892,-0.033141892
28,troop_mean_completion_ratio,0.11112517,0.13922732,-0.028102145
28,equipment_mean_completion_ratio,3.6417932e-05,0.022571122,-0.022534704
28,donation_ratio,0.0,0.011416805,-0.011416805
28,attack_wins,0.0,0.00031302636,-0.00031302636
28,combat_activity_total,0.0,0.00031302636,-0.00031302636
28,defense_wins,0.0,0.0,0.0
28,achievement_count,53.0,53.0,0.0
29,clan_capital_contributions,11258.683,37854.02,-26595.336
29,trophies,717.45746,156.61906,560.8384
29,best_trophies,1020.7278,525.2875,495.4403
29,exp_level,47.731567,28.68128,19.050287
29,donations_received,0.0,9.601413,-9.601413
29,donation_balance,0.0,-7.9788337,7.9788337
29,war_stars,21.431002,13.777096,7.653906
29,troop_count,32.998108,27.636755,5.361353
29,hero_mean_level,6.0831757,3.4917042,2.5914714
29,spell_mean_level,3.9836168,1.9587318,2.0248852
29,builder_hall_level,4.0,2.12609,1.87391
29,donations,0.0,1.6225797,-1.6225797
29,equipment_count,0.009451796,1.2496161,-1.2401644
29,town_hall_level,7.0982985,5.940212,1.1580868
29,spell_count,3.0,2.2023342,0.79766583
29,troop_mean_level,2.3260727,1.6637032,0.6623695
29,progression_ratio_trophies,0.7128186,0.2912131,0.42160553
29,equipment_mean_level,0.009451796,0.42978108,-0.42032927
29,builder_progression_ratio,0.97713095,0.67678493,0.30034602
29,hero_count,1.0,0.71282065,0.28717935
29,spell_mean_completion_ratio,0.40211508,0.1793082,0.22280687
29,achievement_completion_ratio,0.34824336,0.23822038,0.11002298
29,troop_mean_completion_ratio,0.17304793,0.13922732,0.033820614
29,equipment_mean_completion_ratio,0.00035006652,0.022571122,-0.022221055
29,hero_mean_completion_ratio,0.055301603,0.033141892,0.02215971
29,donation_ratio,0.0,0.011416805,-0.011416805
29,attack_wins,0.0,0.00031302636,-0.00031302636
29,combat_activity_total,0.0,0.00031302636,-0.00031302636
29,defense_wins,0.0,0.0,0.0
29,achievement_count,53.0,53.0,0.0
30,clan_capital_contributions,55348.81,37854.02,17494.79
30,best_trophies,1446.1447,525.2875,920.8572
30,trophies,0.4387255,156.61906,-156.18034
30,exp_level,84.708336,28.68128,56.027054
30,war_stars,51.117645,13.777096,37.34055
30,hero_mean_level,22.368872,3.4917042,18.877167
30,troop_count,42.473038,27.636755,14.836283
30,equipment_count,10.686275,1.2496161,9.436659
30,spell_count,10.992647,2.2023342,8.790313
30,donations_received,3.889706,9.601413,-5.711707
30,donation_balance,-3.254902,-7.9788337,4.723932
30,town_hall_level,10.0,5.940212,4.059788
30,hero_count,4.0,0.71282065,3.2871795
30,builder_hall_level,5.0,2.12609,2.87391
30,equipment_mean_level,3.0364625,0.42978108,2.6066813
30,troop_mean_level,3.6040027,1.6637032,1.9402995
30,spell_mean_level,3.404501,1.9587318,1.4457692
30,donations,0.63480395,1.6225797,-0.98777574
30,builder_progression_ratio,0.97531366,0.67678493,0.29852873
30,progression_ratio_trophies,0.00032625248,0.2912131,-0.29088685
30,achievement_completion_ratio,0.5241741,0.23822038,0.2859537
30,spell_mean_completion_ratio,0.38541734,0.1793082,0.20610914
30,hero_mean_completion_ratio,0.22274345,0.033141892,0.18960156
30,equipment_mean_completion_ratio,0.16182518,0.022571122,0.13925406
30,troop_mean_completion_ratio,0.26367217,0.13922732,0.12444486
30,donation_ratio,0.007452576,0.011416805,-0.003964229
30,attack_wins,0.0,0.00031302636,-0.00031302636
30,combat_activity_total,0.0,0.00031302636,-0.00031302636
30,defense_wins,0.0,0.0,0.0
30,achievement_count,53.0,53.0,0.0
31,clan_capital_contributions,0.0,37854.02,-37854.02
31,best_trophies,22.138628,525.2875,-503.14883
31,trophies,0.0,156.61906,-156.61906
31,exp_level,12.253028,28.68128,-16.428253
31,war_stars,2.0013459,13.777096,-11.77575
31,troop_count,23.228802,27.636755,-4.4079533
31,hero_mean_level,1.0,3.4917042,-2.4917042
31,spell_count,0.0,2.2023342,-2.2023342
31,builder_hall_level,0.0,2.12609,-2.12609
31,spell_mean_level,0.0,1.9587318,-1.9587318
31,town_hall_level,4.3418574,5.940212,-1.5983543
31,equipment_count,0.001345895,1.2496161,-1.2482703
31,donations_received,10.439435,9.601413,0.83802223
31,donation_balance,-8.76043,-7.9788337,-0.78159666
31,builder_progression_ratio,0.0,0.67678493,-0.67678493
31,troop_mean_level,1.1602914,1.6637032,-0.50341177
31,equipment_mean_level,0.001345895,0.42978108,-0.42843518
31,progression_ratio_trophies,0.0,0.2912131,-0.2912131
31,hero_count,1.0,0.71282065,0.28717935
31,spell_mean_completion_ratio,0.0,0.1793082,-0.1793082
31,achievement_completion_ratio,0.12518528,0.23822038,-0.1130351
31,donations,1.6790041,1.6225797,0.05642438
31,troop_mean_completion_ratio,0.10891062,0.13922732,-0.030316696
31,hero_mean_completion_ratio,0.009090908,0.033141892,-0.024050985
31,equipment_mean_completion_ratio,4.9847964e-05,0.022571122,-0.022521274
31,donation_ratio,0.030597605,0.011416805,0.0191808
31,attack_wins,0.0,0.00031302636,-0.00031302636
31,combat_activity_total,0.0,0.00031302636,-0.00031302636
31,defense_wins,0.0,0.0,0.0
31,achievement_count,53.0,53.0,0.0
32,clan_capital_contributions,17775.162,37854.02,-20078.857
32,best_trophies,1381.2843,525.2875,855.9968
32,trophies,0.0,156.61906,-156.61906
32,exp_level,65.829384,28.68128,37.1481
32,war_stars,44.701424,13.777096,30.924328
32,troop_count,37.677727,27.636755,10.040972
32,donations_received,0.0,9.601413,-9.601413
32,donation_balance,0.0,-7.9788337,7.9788337
32,builder_hall_level,5.0,2.12609,2.87391
32,hero_mean_level,6.3175354,3.4917042,2.8258312
32,spell_count,4.985782,2.2023342,2.783448
32,town_hall_level,8.023697,5.940212,2.0834851
32,spell_mean_level,3.6189573,1.9587318,1.6602255
32,donations,0.0,1.6225797,-1.6225797
32,troop_mean_level,3.1060588,1.6637032,1.4423556
32,hero_count,2.0,0.71282065,1.2871794
32,equipment_count,0.0,1.2496161,-1.2496161
32,equipment_mean_level,0.0,0.42978108,-0.42978108
32,progression_ratio_trophies,0.0,0.2912131,-0.2912131
32,builder_progression_ratio,0.9676062,0.67678493,0.29082125
32,achievement_completion_ratio,0.43301386,0.23822038,0.19479348
32,spell_mean_completion_ratio,0.3670374,0.1793082,0.18772918
32,troop_mean_completion_ratio,0.21673892,0.13922732,0.07751161
32,hero_mean_completion_ratio,0.07811288,0.033141892,0.044970986
32,equipment_mean_completion_ratio,0.0,0.022571122,-0.022571122
32,donation_ratio,0.0,0.011416805,-0.011416805
32,attack_wins,0.0,0.00031302636,-0.00031302636
32,combat_activity_total,0.0,0.00031302636,-0.00031302636
32,defense_wins,0.0,0.0,0.0
32,achievement_count,53.0,53.0,0.0
33,clan_capital_contributions,13195.783,37854.02,-24658.236
33,best_trophies,1377.8396,525.2875,852.5521
33,trophies,0.0,156.61906,-156.61906
33,war_stars,49.377357,13.777096,35.60026
33,exp_level,63.339622,28.68128,34.65834
33,troop_count,37.273586,27.636755,9.636831
33,donations_received,0.0,9.601413,-9.601413
33,donation_balance,0.0,-7.9788337,7.9788337
33,hero_mean_level,9.886792,3.4917042,6.395088
33,builder_hall_level,5.0,2.12609,2.87391
33,spell_count,5.0,2.2023342,2.7976658
33,town_hall_level,8.028302,5.940212,2.0880904
33,spell_mean_level,3.624528,1.9587318,1.6657962
33,donations,0.0,1.6225797,-1.6225797
33,troop_mean_level,2.9274654,1.6637032,1.2637622
33,equipment_count,0.0,1.2496161,-1.2496161
33,equipment_mean_level,0.0,0.42978108,-0.42978108
33,builder_progression_ratio,0.97151005,0.67678493,0.29472512
33,progression_ratio_trophies,0.0,0.2912131,-0.2912131
33,hero_count,1.0,0.71282065,0.28717935
33,spell_mean_completion_ratio,0.36770254,0.1793082,0.18839434
33,achievement_completion_ratio,0.42459077,0.23822038,0.18637039
33,troop_mean_completion_ratio,0.20893435,0.13922732,0.069707036
33,hero_mean_completion_ratio,0.089879945,0.033141892,0.056738053
33,equipment_mean_completion_ratio,0.0,0.022571122,-0.022571122
33,donation_ratio,0.0,0.011416805,-0.011416805
33,attack_wins,0.0,0.00031302636,-0.00031302636
33,combat_activity_total,0.0,0.00031302636,-0.00031302636
33,defense_wins,0.0,0.0,0.0
33,achievement_count,53.0,53.0,0.0
34,clan_capital_contributions,7037.0806,37854.02,-30816.94
34,trophies,667.3214,156.61906,510.70233
34,best_trophies,861.9196,525.2875,336.63214
34,exp_level,38.598213,28.68128,9.916933
34,donations_received,0.0,9.601413,-9.601413
34,donation_balance,0.0,-7.9788337,7.9788337
34,war_stars,10.071428,13.777096,-3.7056675
34,troop_count,30.348215,27.636755,2.71146
34,donations,0.0,1.6225797,-1.6225797
34,equipment_count,0.0,1.2496161,-1.2496161
34,hero_mean_level,2.3839285,3.4917042,-1.1077757
34,town_hall_level,7.0,5.940212,1.0597882
34,builder_hall_level,3.0,2.12609,0.87390995
34,spell_count,3.0,2.2023342,0.79766583
34,spell_mean_level,2.6517856,1.9587318,0.69305384
34,progression_ratio_trophies,0.77931947,0.2912131,0.48810637
34,equipment_mean_level,0.0,0.42978108,-0.42978108
34,builder_progression_ratio,0.99188507,0.67678493,0.31510013
34,hero_count,1.0,0.71282065,0.28717935
34,troop_mean_level,1.789994,1.6637032,0.1262908
34,spell_mean_completion_ratio,0.23500456,0.1793082,0.055696353
34,achievement_completion_ratio,0.29307565,0.23822038,0.054855272
34,equipment_mean_completion_ratio,0.0,0.022571122,-0.022571122
34,hero_mean_completion_ratio,0.02167208,0.033141892,-0.011469813
34,donation_ratio,0.0,0.011416805,-0.011416805
34,troop_mean_completion_ratio,0.14412706,0.13922732,0.00489974
34,attack_wins,0.0,0.00031302636,-0.00031302636
34,combat_activity_total,0.0,0.00031302636,-0.00031302636
34,defense_wins,0.0,0.0,0.0
34,achievement_count,53.0,53.0,0.0
35,clan_capital_contributions,87913.03,37854.02,50059.01
35,best_trophies,318.72058,525.2875,-206.5669
35,trophies,0.21132898,156.61906,-156.40773
35,donation_balance,-5.7788672,-7.9788337,2.1999664
35,donations_received,7.4346404,9.601413,-2.1667724
35,war_stars,15.537037,13.777096,1.7599411
35,spell_mean_level,3.2317538,1.9587318,1.273022
35,equipment_count,0.031045752,1.2496161,-1.2185704
35,exp_level,27.79793,28.68128,-0.8833504
35,town_hall_level,6.813181,5.940212,0.87296915
35,equipment_mean_level,0.029411765,0.42978108,-0.40036932
35,builder_progression_ratio,0.9976311,0.67678493,0.32084614
35,troop_count,27.335512,27.636755,-0.30124283
35,progression_ratio_trophies,8.7307846e-05,0.2912131,-0.29112577
35,hero_count,1.0,0.71282065,0.28717935
35,hero_mean_level,3.2723312,3.4917042,-0.21937299
35,spell_count,2.3654685,2.2023342,0.16313434
35,builder_hall_level,2.0,2.12609,-0.12609005
35,spell_mean_completion_ratio,0.28481418,0.1793082,0.10550597
35,troop_mean_level,1.6251087,1.6637032,-0.038594484
35,donations,1.6557734,1.6225797,0.033193707
35,achievement_completion_ratio,0.206025,0.23822038,-0.032195374
35,equipment_mean_completion_ratio,0.0010893246,0.022571122,-0.021481797
35,donation_ratio,0.030586867,0.011416805,0.01917006
35,hero_mean_completion_ratio,0.029748464,0.033141892,-0.0033934284
35,troop_mean_completion_ratio,0.14007217,0.13922732,0.00084485114
35,attack_wins,0.0,0.00031302636,-0.00031302636
35,combat_activity_total,0.0,0.00031302636,-0.00031302636
35,defense_wins,0.0,0.0,0.0
35,achievement_count,53.0,53.0,0.0
36,clan_capital_contributions,65500.418,37854.02,27646.398
36,trophies,535.3619,156.61906,378.7428
36,best_trophies,603.65717,525.2875,78.36969
36,donations_received,0.0,9.601413,-9.601413
36,donation_balance,0.0,-7.9788337,7.9788337
36,war_stars,18.985714,13.777096,5.208618
36,hero_mean_level,0.0,3.4917042,-3.4917042
36,exp_level,31.02381,28.68128,2.3425293
36,builder_hall_level,0.0,2.12609,-2.12609
36,troop_count,25.75238,27.636755,-1.8843746
36,donations,0.0,1.6225797,-1.6225797
36,spell_mean_level,3.5,1.9587318,1.5412682
36,equipment_count,0.0,1.2496161,-1.2496161
36,hero_count,0.0,0.71282065,-0.71282065
36,builder_progression_ratio,0.0,0.67678493,-0.67678493
36,progression_ratio_trophies,0.90509105,0.2912131,0.61387795
36,equipment_mean_level,0.0,0.42978108,-0.42978108
36,spell_count,2.0,2.2023342,-0.20233417
36,troop_mean_level,1.5371583,1.6637032,-0.12654495
36,spell_mean_completion_ratio,0.2788462,0.1793082,0.099538
36,town_hall_level,6.0333333,5.940212,0.09312153
36,achievement_completion_ratio,0.18870577,0.23822038,-0.049514607
36,hero_mean_completion_ratio,0.0,0.033141892,-0.033141892
36,equipment_mean_completion_ratio,0.0,0.022571122,-0.022571122
36,donation_ratio,0.0,0.011416805,-0.011416805
36,troop_mean_completion_ratio,0.1361467,0.13922732,-0.0030806214
36,attack_wins,0.0,0.00031302636,-0.00031302636
36,combat_activity_total,0.0,0.00031302636,-0.00031302636
36,defense_wins,0.0,0.0,0.0
36,achievement_count,53.0,53.0,0.0
37,clan_capital_contributions,9147.771,37854.02,-28706.248
37,trophies,664.2,156.61906,507.58093
37,best_trophies,868.3714,525.2875,343.08392
37,exp_level,39.142857,28.68128,10.461576
37,donations_received,0.0,9.601413,-9.601413
37,donation_balance,0.0,-7.9788337,7.9788337
37,hero_mean_level,0.0,3.4917042,-3.4917042
37,donations,0.0,1.6225797,-1.6225797
37,troop_count,29.22857,27.636755,1.591816
37,war_stars,12.514286,13.777096,-1.2628098
37,equipment_count,0.0,1.2496161,-1.2496161
37,town_hall_level,7.0,5.940212,1.0597882
37,builder_hall_level,3.0,2.12609,0.87390995
37,spell_count,3.0,2.2023342,0.79766583
37,hero_count,0.0,0.71282065,-0.71282065
37,spell_mean_level,2.6571426,1.9587318,0.69841087
37,progression_ratio_trophies,0.76579493,0.2912131,0.47458184
37,equipment_mean_level,0.0,0.42978108,-0.42978108
37,builder_progression_ratio,0.9803154,0.67678493,0.30353045
37,troop_mean_level,1.7501384,1.6637032,0.0864352
37,spell_mean_completion_ratio,0.23630737,0.1793082,0.05699916
37,achievement_completion_ratio,0.28600726,0.23822038,0.047786877
37,hero_mean_completion_ratio,0.0,0.033141892,-0.033141892
37,equipment_mean_completion_ratio,0.0,0.022571122,-0.022571122
37,donation_ratio,0.0,0.011416805,-0.011416805
37,troop_mean_completion_ratio,0.14291696,0.13922732,0.0036896467
37,attack_wins,0.0,0.00031302636,-0.00031302636
37,combat_activity_total,0.0,0.00031302636,-0.00031302636
37,defense_wins,0.0,0.0,0.0
37,achievement_count,53.0,53.0,0.0
38,clan_capital_contributions,4750.346,37854.02,-33103.67
38,trophies,571.9808,156.61906,415.3617
38,best_trophies,653.36536,525.2875,128.07788
38,donations_received,0.0,9.601413,-9.601413
38,donation_balance,0.0,-7.9788337,7.9788337
38,war_stars,8.480769,13.777096,-5.2963266
38,hero_mean_level,0.0,3.4917042,-3.4917042
38,troop_count,25.807692,27.636755,-1.8290634
38,donations,0.0,1.6225797,-1.6225797
38,equipment_count,0.0,1.2496161,-1.2496161
38,hero_count,0.0,0.71282065,-0.71282065
38,progression_ratio_trophies,0.8814194,0.2912131,0.5902063
38,spell_mean_level,2.5,1.9587318,0.5412682
38,equipment_mean_level,0.0,0.42978108,-0.42978108
38,exp_level,29.038462,28.68128,0.35718155
38,builder_progression_ratio,0.99890035,0.67678493,0.32211542
38,spell_count,2.0,2.2023342,-0.20233417
38,troop_mean_level,1.4799855,1.6637032,-0.18371773
38,builder_hall_level,2.0,2.12609,-0.12609005
38,town_hall_level,6.0576925,5.940212,0.117480755
38,hero_mean_completion_ratio,0.0,0.033141892,-0.033141892
38,equipment_mean_completion_ratio,0.0,0.022571122,-0.022571122
38,spell_mean_completion_ratio,0.19600591,0.1793082,0.016697705
38,donation_ratio,0.0,0.011416805,-0.011416805
38,achievement_completion_ratio,0.22703475,0.23822038,-0.011185631
38,troop_mean_completion_ratio,0.12984517,0.13922732,-0.009382144
38,attack_wins,0.0,0.00031302636,-0.00031302636
38,combat_activity_total,0.0,0.00031302636,-0.00031302636
38,defense_wins,0.0,0.0,0.0
38,achievement_count,53.0,53.0,0.0
39,clan_capital_contributions,48621.492,37854.02,10767.473
39,best_trophies,1362.8397,525.2875,837.55225
39,trophies,0.036585364,156.61906,-156.58247
39,exp_level,73.96516,28.68128,45.283875
39,war_stars,54.430313,13.777096,40.653217
39,hero_mean_level,16.73345,3.4917042,13.241746
39,troop_count,40.588852,27.636755,12.952097
39,equipment_count,8.719512,1.2496161,7.469896
39,spell_count,9.003485,2.2023342,6.8011503
39,donations_received,3.390244,9.601413,-6.211169
39,donation_balance,-2.2857144,-7.9788337,5.693119
39,hero_count,4.0,0.71282065,3.2871795
39,town_hall_level,9.195122,5.940212,3.25491
39,builder_hall_level,5.0,2.12609,2.87391
39,equipment_mean_level,2.9363015,0.42978108,2.5065203
39,troop_mean_level,3.4388063,1.6637032,1.7751031
39,spell_mean_level,3.3075883,1.9587318,1.3488566
39,donations,1.1045296,1.6225797,-0.5180501
39,builder_progression_ratio,0.96814984,0.67678493,0.2913649
39,progression_ratio_trophies,3.9423885e-05,0.2912131,-0.29117367
39,achievement_completion_ratio,0.4786379,0.23822038,0.24041753
39,spell_mean_completion_ratio,0.3706654,0.1793082,0.1913572
39,equipment_mean_completion_ratio,0.1565604,0.022571122,0.13398929
39,hero_mean_completion_ratio,0.1669053,0.033141892,0.1337634
39,troop_mean_completion_ratio,0.24925965,0.13922732,0.110032335
39,donation_ratio,0.0132388985,0.011416805,0.0018220935
39,attack_wins,0.0,0.00031302636,-0.00031302636
39,combat_activity_total,0.0,0.00031302636,-0.00031302636
39,defense_wins,0.0,0.0,0.0
39,achievement_count,53.0,53.0,0.0
40,clan_capital_contributions,113.42381,37854.02,-37740.598
40,trophies,613.99524,156.61906,457.37616
40,best_trophies,771.1095,525.2875,245.82202
40,war_stars,3.5238094,13.777096,-10.253286
40,donations_received,0.0,9.601413,-9.601413
40,donation_balance,0.0,-7.9788337,7.9788337
40,hero_mean_level,0.0,3.4917042,-3.4917042
40,exp_level,31.685715,28.68128,3.0044346
40,spell_mean_level,4.0,1.9587318,2.0412683
40,builder_hall_level,4.0,2.12609,1.87391
40,donations,0.0,1.6225797,-1.6225797
40,equipment_count,0.0,1.2496161,-1.2496161
40,spell_count,1.0,2.2023342,-1.2023342
40,troop_count,28.566668,27.636755,0.92991257
40,hero_count,0.0,0.71282065,-0.71282065
40,progression_ratio_trophies,0.8028152,0.2912131,0.5116021
40,town_hall_level,5.4666667,5.940212,-0.47354507
40,equipment_mean_level,0.0,0.42978108,-0.42978108
40,builder_progression_ratio,0.9794374,0.67678493,0.30265248
40,troop_mean_level,1.8581218,1.6637032,0.19441855
40,spell_mean_completion_ratio,0.30769232,0.1793082,0.12838411
40,achievement_completion_ratio,0.2769697,0.23822038,0.038749322
40,hero_mean_completion_ratio,0.0,0.033141892,-0.033141892
40,equipment_mean_completion_ratio,0.0,0.022571122,-0.022571122
40,donation_ratio,0.0,0.011416805,-0.011416805
40,troop_mean_completion_ratio,0.14228693,0.13922732,0.0030596107
40,attack_wins,0.0,0.00031302636,-0.00031302636
40,combat_activity_total,0.0,0.00031302636,-0.00031302636
40,defense_wins,0.0,0.0,0.0
40,achievement_count,53.0,53.0,0.0
41,clan_capital_contributions,2837.8132,37854.02,-35016.207
41,best_trophies,913.18665,525.2875,387.89917
41,trophies,0.0,156.61906,-156.61906
41,exp_level,44.32,28.68128,15.63872
41,donations_received,0.0,9.601413,-9.601413
41,donation_balance,0.16,-7.9788337,8.138834
41,troop_count,31.853333,27.636755,4.2165775
41,hero_mean_level,0.0,3.4917042,-3.4917042
41,war_stars,11.2,13.777096,-2.577096
41,spell_mean_level,3.9955559,1.9587318,2.0368242
41,builder_hall_level,4.0,2.12609,1.87391
41,donations,0.16,1.6225797,-1.4625797
41,equipment_count,0.0,1.2496161,-1.2496161
41,town_hall_level,7.0,5.940212,1.0597882
41,spell_count,3.0,2.2023342,0.79766583
41,hero_count,0.0,0.71282065,-0.71282065
41,troop_mean_level,2.2398913,1.6637032,0.5761881
41,equipment_mean_level,0.0,0.42978108,-0.42978108
41,builder_progression_ratio,0.97608376,0.67678493,0.29929882
41,progression_ratio_trophies,0.0,0.2912131,-0.2912131
41,spell_mean_completion_ratio,0.4037811,0.1793082,0.22447288
41,achievement_completion_ratio,0.3155071,0.23822038,0.077286735
41,hero_mean_completion_ratio,0.0,0.033141892,-0.033141892
41,troop_mean_completion_ratio,0.1703902,0.13922732,0.031162888
41,equipment_mean_completion_ratio,0.0,0.022571122,-0.022571122
41,donation_ratio,0.0,0.011416805,-0.011416805
41,attack_wins,0.0,0.00031302636,-0.00031302636
41,combat_activity_total,0.0,0.00031302636,-0.00031302636
41,defense_wins,0.0,0.0,0.0
41,achievement_count,53.0,53.0,0.0
42,clan_capital_contributions,2595.8623,37854.02,-35258.156
42,trophies,610.0607,156.61906,453.44165
42,best_trophies,741.5749,525.2875,216.28741
42,donations_received,0.0,9.601413,-9.601413
42,donation_balance,0.0,-7.9788337,7.9788337
42,war_stars,6.7530365,13.777096,-7.0240593
42,hero_mean_level,0.0,3.4917042,-3.4917042
42,exp_level,31.016193,28.68128,2.3349133
42,donations,0.0,1.6225797,-1.6225797
42,equipment_count,0.0,1.2496161,-1.2496161
42,builder_hall_level,3.0,2.12609,0.87390995
42,hero_count,0.0,0.71282065,-0.71282065
42,spell_mean_level,2.5,1.9587318,0.5412682
42,progression_ratio_trophies,0.8302061,0.2912131,0.538993
42,equipment_mean_level,0.0,0.42978108,-0.42978108
42,builder_progression_ratio,0.9899515,0.67678493,0.31316656
42,spell_count,2.0,2.2023342,-0.20233417
42,troop_count,27.441296,27.636755,-0.19545937
42,town_hall_level,6.0688257,5.940212,0.12861395
42,hero_mean_completion_ratio,0.0,0.033141892,-0.033141892
42,achievement_completion_ratio,0.26523745,0.23822038,0.027017072
42,equipment_mean_completion_ratio,0.0,0.022571122,-0.022571122
42,troop_mean_level,1.6436878,1.6637032,-0.020015359
42,spell_mean_completion_ratio,0.19588909,0.1793082,0.01658088
42,donation_ratio,0.0,0.011416805,-0.011416805
42,troop_mean_completion_ratio,0.13499716,0.13922732,-0.0042301565
42,attack_wins,0.0,0.00031302636,-0.00031302636
42,combat_activity_total,0.0,0.00031302636,-0.00031302636
42,defense_wins,0.0,0.0,0.0
42,achievement_count,53.0,53.0,0.0
43,clan_capital_contributions,35888.46,37854.02,-1965.5586
43,best_trophies,1678.7067,525.2875,1153.4192
43,trophies,0.0,156.61906,-156.61906
43,war_stars,78.18222,13.777096,64.40512
43,exp_level,80.46667,28.68128,51.785385
43,troop_count,40.586666,27.636755,12.949911
43,hero_mean_level,13.616297,3.4917042,10.124593
43,donations_received,0.0,9.601413,-9.601413
43,donation_balance,0.0,-7.9788337,7.9788337
43,spell_count,8.946667,2.2023342,6.7443323
43,town_hall_level,9.008889,5.940212,3.0686774
43,builder_hall_level,5.0,2.12609,2.87391
43,hero_count,3.0,0.71282065,2.2871795
43,troop_mean_level,3.39616,1.6637032,1.7324567
43,donations,0.0,1.6225797,-1.6225797
43,equipment_count,0.0,1.2496161,-1.2496161
43,spell_mean_level,3.0136418,1.9587318,1.0549101
43,equipment_mean_level,0.0,0.42978108,-0.42978108
43,achievement_completion_ratio,0.5338417,0.23822038,0.29562134
43,progression_ratio_trophies,0.0,0.2912131,-0.2912131
43,builder_progression_ratio,0.9630611,0.67678493,0.28627616
43,spell_mean_completion_ratio,0.33538494,0.1793082,0.15607673
43,hero_mean_completion_ratio,0.14248581,0.033141892,0.109343916
43,troop_mean_completion_ratio,0.2416568,0.13922732,0.10242948
43,equipment_mean_completion_ratio,0.0,0.022571122,-0.022571122
43,donation_ratio,0.0,0.011416805,-0.011416805
43,attack_wins,0.0,0.00031302636,-0.00031302636
43,combat_activity_total,0.0,0.00031302636,-0.00031302636
43,defense_wins,0.0,0.0,0.0
43,achievement_count,53.0,53.0,0.0
44,clan_capital_contributions,4.424779,37854.02,-37849.594
44,trophies,550.7699,156.61906,394.15082
44,best_trophies,658.18585,525.2875,132.89838
44,donations_received,0.26548672,9.601413,-9.335926
44,donation_balance,-0.26548672,-7.9788337,7.713347
44,war_stars,19.902655,13.777096,6.125559
44,hero_mean_level,0.0,3.4917042,-3.4917042
44,troop_count,24.902655,27.636755,-2.7341003
44,builder_hall_level,0.0,2.12609,-2.12609
44,spell_mean_level,4.0,1.9587318,2.0412683
44,exp_level,26.761063,28.68128,-1.9202175
44,donations,0.0,1.6225797,-1.6225797
44,equipment_count,0.0,1.2496161,-1.2496161
44,spell_count,1.0,2.2023342,-1.2023342
44,town_hall_level,5.20354,5.940212,-0.7366719
44,hero_count,0.0,0.71282065,-0.71282065
44,builder_progression_ratio,0.0,0.67678493,-0.67678493
44,progression_ratio_trophies,0.8483884,0.2912131,0.5571753
44,equipment_mean_level,0.0,0.42978108,-0.42978108
44,troop_mean_level,1.3981822,1.6637032,-0.26552105
44,spell_mean_completion_ratio,0.30769232,0.1793082,0.12838411
44,achievement_completion_ratio,0.19155943,0.23822038,-0.046660945
44,hero_mean_completion_ratio,0.0,0.033141892,-0.033141892
44,equipment_mean_completion_ratio,0.0,0.022571122,-0.022571122
44,troop_mean_completion_ratio,0.12621938,0.13922732,-0.013007939
44,donation_ratio,0.0,0.011416805,-0.011416805
44,attack_wins,0.0,0.00031302636,-0.00031302636
44,combat_activity_total,0.0,0.00031302636,-0.00031302636
44,defense_wins,0.0,0.0,0.0
44,achievement_count,53.0,53.0,0.0
45,clan_capital_contributions,401.9168,37854.02,-37452.1
45,trophies,618.1448,156.61906,461.5257
45,best_trophies,713.0665,525.2875,187.77905
45,war_stars,1.6672213,13.777096,-12.109875
45,donations_received,0.04326123,9.601413,-9.558151
45,donation_balance,-0.04326123,-7.9788337,7.9355726
45,hero_mean_level,0.0,3.4917042,-3.4917042
45,exp_level,26.783693,28.68128,-1.8975868
45,builder_hall_level,4.0,2.12609,1.87391
45,donations,0.0,1.6225797,-1.6225797
45,equipment_count,0.0016638935,1.2496161,-1.2479522
45,spell_mean_level,1.0,1.9587318,-0.9587318
45,troop_count,28.522463,27.636755,0.88570786
45,spell_count,1.3427621,2.2023342,-0.85957205
45,hero_count,0.0,0.71282065,-0.71282065
45,progression_ratio_trophies,0.87421536,0.2912131,0.58300227
45,equipment_mean_level,0.0016638935,0.42978108,-0.4281172
45,builder_progression_ratio,0.97856134,0.67678493,0.3017764
45,town_hall_level,5.678869,5.940212,-0.261343
45,spell_mean_completion_ratio,0.078021675,0.1793082,-0.10128653
45,troop_mean_level,1.5890822,1.6637032,-0.07462096
45,achievement_completion_ratio,0.27264038,0.23822038,0.03442
45,hero_mean_completion_ratio,0.0,0.033141892,-0.033141892
45,equipment_mean_completion_ratio,6.162569e-05,0.022571122,-0.022509497
45,troop_mean_completion_ratio,0.1251191,0.13922732,-0.014108211
45,donation_ratio,0.0,0.011416805,-0.011416805
45,attack_wins,0.0,0.00031302636,-0.00031302636
45,combat_activity_total,0.0,0.00031302636,-0.00031302636
45,defense_wins,0.0,0.0,0.0
45,achievement_count,53.0,53.0,0.0
46,clan_capital_contributions,348643.53,37854.02,310789.5
46,trophies,0.0,156.61906,-156.61906
46,best_trophies,376.6336,525.2875,-148.65387
46,donations_received,0.27621195,9.601413,-9.325201
46,donation_balance,-0.25366405,-7.9788337,7.7251697
46,war_stars,6.572717,13.777096,-7.2043786
46,exp_level,24.505074,28.68128,-4.1762066
46,hero_mean_level,0.0,3.4917042,-3.4917042
46,troop_count,25.003382,27.636755,-2.6333733
46,builder_hall_level,0.0,2.12609,-2.12609
46,donations,0.022547914,1.6225797,-1.6000317
46,spell_mean_level,3.5443442,1.9587318,1.5856124
46,equipment_count,0.009019165,1.2496161,-1.240597
46,hero_count,0.0,0.71282065,-0.71282065
46,builder_progression_ratio,0.0,0.67678493,-0.67678493
46,equipment_mean_level,0.009019165,0.42978108,-0.4207619
46,progression_ratio_trophies,0.0,0.2912131,-0.2912131
46,town_hall_level,6.1724916,5.940212,0.23227978
46,troop_mean_level,1.534038,1.6637032,-0.12966526
46,spell_mean_completion_ratio,0.2931059,0.1793082,0.113797694
46,spell_count,2.1352875,2.2023342,-0.06704664
46,achievement_completion_ratio,0.17185384,0.23822038,-0.06636654
46,hero_mean_completion_ratio,0.0,0.033141892,-0.033141892
46,equipment_mean_completion_ratio,0.00033404317,0.022571122,-0.02223708
46,donation_ratio,0.0011273957,0.011416805,-0.010289409
46,troop_mean_completion_ratio,0.13648604,0.13922732,-0.0027412772
46,attack_wins,0.0,0.00031302636,-0.00031302636
46,combat_activity_total,0.0,0.00031302636,-0.00031302636
46,defense_wins,0.0,0.0,0.0
46,achievement_count,53.0,53.0,0.0
47,clan_capital_contributions,2177.0664,37854.02,-35676.953
47,trophies,0.0,156.61906,-156.61906
47,best_trophies,539.9377,525.2875,14.6502075
47,war_stars,1.3883697,13.777096,-12.388726
47,donations_received,0.0,9.601413,-9.601413
47,donation_balance,0.0,-7.9788337,7.9788337
47,exp_level,21.62513,28.68128,-7.0561504
47,hero_mean_level,0.0,3.4917042,-3.4917042
47,donations,0.0,1.6225797,-1.6225797
47,troop_count,26.32918,27.636755,-1.3075752
47,equipment_count,0.0041536866,1.2496161,-1.2454624
47,spell_count,1.2087227,2.2023342,-0.99361145
47,spell_mean_level,1.0,1.9587318,-0.9587318
47,builder_hall_level,3.0,2.12609,0.87390995
47,hero_count,0.0,0.71282065,-0.71282065
47,equipment_mean_level,0.0041536866,0.42978108,-0.42562738
47,builder_progression_ratio,0.9801427,0.67678493,0.30335778
47,town_hall_level,5.6386294,5.940212,-0.30158234
47,troop_mean_level,1.369907,1.6637032,-0.29379618
47,progression_ratio_trophies,0.0,0.2912131,-0.2912131
47,spell_mean_completion_ratio,0.07768399,0.1793082,-0.10162421
47,hero_mean_completion_ratio,0.0,0.033141892,-0.033141892
47,equipment_mean_completion_ratio,0.00015384024,0.022571122,-0.022417283
47,troop_mean_completion_ratio,0.11739551,0.13922732,-0.021831803
47,donation_ratio,0.0,0.011416805,-0.011416805
47,achievement_completion_ratio,0.2295213,0.23822038,-0.008699074
47,attack_wins,0.0020768433,0.00031302636,0.0017638169
47,combat_activity_total,0.0020768433,0.00031302636,0.0017638169
47,defense_wins,0.0,0.0,0.0
47,achievement_count,53.0,53.0,0.0
48,clan_capital_contributions,1486.1111,37854.02,-36367.91
48,best_trophies,1296.8518,525.2875,771.56433
48,trophies,0.0,156.61906,-156.61906
48,war_stars,66.888885,13.777096,53.11179
48,exp_level,62.48148,28.68128,33.8002
48,hero_mean_level,19.444445,3.4917042,15.952741
48,donations_received,0.0,9.601413,-9.601413
48,troop_count,36.37037,27.636755,8.733614
48,donation_balance,0.0,-7.9788337,7.9788337
48,spell_count,5.0,2.2023342,2.7976658
48,town_hall_level,8.0,5.940212,2.0597882
48,builder_hall_level,4.0,2.12609,1.87391
48,spell_mean_level,3.7629628,1.9587318,1.804231
48,donations,0.0,1.6225797,-1.6225797
48,equipment_count,0.0,1.2496161,-1.2496161
48,troop_mean_level,2.6647465,1.6637032,1.0010433
48,equipment_mean_level,0.0,0.42978108,-0.42978108
48,builder_progression_ratio,0.990543,0.67678493,0.31375808
48,progression_ratio_trophies,0.0,0.2912131,-0.2912131
48,hero_count,1.0,0.71282065,0.28717935
48,spell_mean_completion_ratio,0.38208523,0.1793082,0.20277703
48,achievement_completion_ratio,0.41223475,0.23822038,0.17401437
48,hero_mean_completion_ratio,0.17676765,0.033141892,0.14362575
48,troop_mean_completion_ratio,0.19907536,0.13922732,0.05984804
48,equipment_mean_completion_ratio,0.0,0.022571122,-0.022571122
48,donation_ratio,0.0,0.011416805,-0.011416805
48,attack_wins,0.0,0.00031302636,-0.00031302636
48,combat_activity_total,0.0,0.00031302636,-0.00031302636
48,defense_wins,0.0,0.0,0.0
48,achievement_count,53.0,53.0,0.0
49,clan_capital_contributions,6902.3843,37854.02,-30951.635
49,best_trophies,54.367626,525.2875,-470.91986
49,trophies,0.1482602,156.61906,-156.47081
49,war_stars,1.934947,13.777096,-11.842149
49,exp_level,19.282906,28.68128,-9.398375
49,donations_received,7.0499244,9.601413,-2.5514884
49,troop_count,25.234493,27.636755,-2.4022617
49,hero_mean_level,1.1906203,3.4917042,-2.301084
49,donation_balance,-5.697428,-7.9788337,2.2814054
49,equipment_count,0.018154312,1.2496161,-1.2314619
49,spell_mean_level,1.0592536,1.9587318,-0.8994782
49,spell_count,1.5022693,2.2023342,-0.7000649
49,town_hall_level,6.3948565,5.940212,0.45464468
49,equipment_mean_level,0.016641453,0.42978108,-0.41313964
49,troop_mean_level,1.308341,1.6637032,-0.35536218
49,builder_progression_ratio,0.9975636,0.67678493,0.32077867
49,progression_ratio_trophies,0.0,0.2912131,-0.2912131
49,hero_count,1.0,0.71282065,0.28717935
49,donations,1.3524963,1.6225797,-0.27008343
49,builder_hall_level,2.0,2.12609,-0.12609005
49,spell_mean_completion_ratio,0.08459543,0.1793082,-0.09471278
49,achievement_completion_ratio,0.16346104,0.23822038,-0.074759334
49,hero_mean_completion_ratio,0.01082382,0.033141892,-0.022318073
49,troop_mean_completion_ratio,0.117189765,0.13922732,-0.02203755
49,equipment_mean_completion_ratio,0.0006163501,0.022571122,-0.021954773
49,donation_ratio,0.022237662,0.011416805,0.010820857
49,attack_wins,0.0,0.00031302636,-0.00031302636
49,combat_activity_total,0.0,0.00031302636,-0.00031302636
49,defense_wins,0.0,0.0,0.0
49,achievement_count,53.0,53.0,0.0
50,clan_capital_contributions,61741.348,37854.02,23887.328
50,best_trophies,2038.257,525.2875,1512.9695
50,trophies,0.34078214,156.61906,-156.27829
50,war_stars,109.02793,13.777096,95.25084
50,exp_level,109.765366,28.68128,81.08408
50,hero_mean_level,26.93296,3.4917042,23.441256
50,troop_count,45.29609,27.636755,17.659334
50,equipment_count,13.083798,1.2496161,11.834183
50,spell_count,11.9776535,2.2023342,9.775319
50,donations_received,0.16759777,9.601413,-9.433815
50,donation_balance,-0.16759777,-7.9788337,7.811236
50,town_hall_level,11.0,5.940212,5.059788
50,hero_count,5.0,0.71282065,4.2871795
50,builder_hall_level,6.0,2.12609,3.87391
50,troop_mean_level,4.371344,1.6637032,2.707641
50,equipment_mean_level,2.9111247,0.42978108,2.4813437
50,spell_mean_level,4.1148634,1.9587318,2.1561317
50,donations,0.0,1.6225797,-1.6225797
50,achievement_completion_ratio,0.71944404,0.23822038,0.48122364
50,spell_mean_completion_ratio,0.48706532,0.1793082,0.3077571
50,progression_ratio_trophies,0.0001849062,0.2912131,-0.2910282
50,builder_progression_ratio,0.9624005,0.67678493,0.28561556
50,hero_mean_completion_ratio,0.28340387,0.033141892,0.250262
50,troop_mean_completion_ratio,0.31434077,0.13922732,0.17511345
50,equipment_mean_completion_ratio,0.16039327,0.022571122,0.13782215
50,donation_ratio,0.0,0.011416805,-0.011416805
50,attack_wins,0.0,0.00031302636,-0.00031302636
50,combat_activity_total,0.0,0.00031302636,-0.00031302636
50,defense_wins,0.0,0.0,0.0
50,achievement_count,53.0,53.0,0.0
51,clan_capital_contributions,7594.7363,37854.02,-30259.283
51,trophies,0.0,156.61906,-156.61906
51,best_trophies,482.3611,525.2875,-42.92636
51,donations_received,0.2777778,9.601413,-9.323635
51,donation_balance,-0.2777778,-7.9788337,7.701056
51,war_stars,6.7222223,13.777096,-7.0548735
51,hero_mean_level,0.0,3.4917042,-3.4917042
51,exp_level,25.222221,28.68128,-3.4590588
51,troop_count,25.98611,27.636755,-1.6506443
51,donations,0.0,1.6225797,-1.6225797
51,equipment_count,0.027777778,1.2496161,-1.2218384
51,hero_count,0.0,0.71282065,-0.71282065
51,spell_mean_level,2.4907408,1.9587318,0.532009
51,equipment_mean_level,0.027777778,0.42978108,-0.4020033
51,town_hall_level,6.2777777,5.940212,0.3375659
51,builder_progression_ratio,0.9974891,0.67678493,0.32070416
51,progression_ratio_trophies,0.0,0.2912131,-0.2912131
51,troop_mean_level,1.4819338,1.6637032,-0.18176937
51,spell_count,2.0555556,2.2023342,-0.14677858
51,builder_hall_level,2.0,2.12609,-0.12609005
51,hero_mean_completion_ratio,0.0,0.033141892,-0.033141892
51,achievement_completion_ratio,0.2134693,0.23822038,-0.024751082
51,equipment_mean_completion_ratio,0.0010288066,0.022571122,-0.021542316
51,spell_mean_completion_ratio,0.19781278,0.1793082,0.018504575
51,donation_ratio,0.0,0.011416805,-0.011416805
51,troop_mean_completion_ratio,0.12999374,0.13922732,-0.009233579
51,attack_wins,0.0,0.00031302636,-0.00031302636
51,combat_activity_total,0.0,0.00031302636,-0.00031302636
51,defense_wins,0.0,0.0,0.0
51,achievement_count,53.0,53.0,0.0
52,clan_capital_contributions,2700.5942,37854.02,-35153.426
52,best_trophies,103.0,525.2875,-422.28748
52,trophies,0.3442623,156.61906,-156.2748
52,war_stars,4.3483605,13.777096,-9.428736
52,donations_received,18.930328,9.601413,9.328916
52,donation_balance,-15.577868,-7.9788337,-7.599035
52,exp_level,21.581966,28.68128,-7.0993137
52,hero_mean_level,1.1065574,3.4917042,-2.3851469
52,spell_mean_level,4.0,1.9587318,2.0412683
52,troop_count,25.786884,27.636755,-1.8498707
52,donations,3.352459,1.6225797,1.7298793
52,equipment_count,0.0040983604,1.2496161,-1.2455177
52,spell_count,1.0573771,2.2023342,-1.1449571
52,equipment_mean_level,0.0040983604,0.42978108,-0.42568272
52,builder_progression_ratio,0.9977687,0.67678493,0.32098377
52,progression_ratio_trophies,0.0,0.2912131,-0.2912131
52,hero_count,1.0,0.71282065,0.28717935
52,town_hall_level,6.1762295,5.940212,0.2360177
52,troop_mean_level,1.4630582,1.6637032,-0.20064497
52,spell_mean_completion_ratio,0.30842796,0.1793082,0.12911975
52,builder_hall_level,2.0,2.12609,-0.12609005
52,donation_ratio,0.10286789,0.011416805,0.09145108
52,achievement_completion_ratio,0.17292957,0.23822038,-0.06529081
52,hero_mean_completion_ratio,0.010059613,0.033141892,-0.023082279
52,equipment_mean_completion_ratio,0.00015179113,0.022571122,-0.022419332
52,troop_mean_completion_ratio,0.12870339,0.13922732,-0.01052393
52,attack_wins,0.0,0.00031302636,-0.00031302636
52,combat_activity_total,0.0,0.00031302636,-0.00031302636
52,defense_wins,0.0,0.0,0.0
52,achievement_count,53.0,53.0,0.0
53,clan_capital_contributions,90601.31,37854.02,52747.293
53,best_trophies,1236.8846,525.2875,711.59717
53,trophies,0.4923077,156.61906,-156.12675
53,war_stars,64.61539,13.777096,50.83829
53,exp_level,73.76923,28.68128,45.08795
53,hero_mean_level,26.874357,3.4917042,23.382652
53,troop_count,40.946156,27.636755,13.309401
53,equipment_count,11.676923,1.2496161,10.427307
53,spell_count,10.992308,2.2023342,8.789973
53,donation_balance,-14.946154,-7.9788337,-6.96732
53,donations_received,16.423077,9.601413,6.821664
53,town_hall_level,10.0,5.940212,4.059788
53,equipment_mean_level,4.089587,0.42978108,3.6598063
53,hero_count,3.0,0.71282065,2.2871795
53,builder_hall_level,4.0,2.12609,1.87391
53,troop_mean_level,3.2758563,1.6637032,1.612153
53,spell_mean_level,3.3884616,1.9587318,1.4297298
53,builder_progression_ratio,0.99198395,0.67678493,0.31519902
53,progression_ratio_trophies,0.0004440479,0.2912131,-0.29076904
53,achievement_completion_ratio,0.49535793,0.23822038,0.25713754
53,hero_mean_completion_ratio,0.25119865,0.033141892,0.21805675
53,spell_mean_completion_ratio,0.38195172,0.1793082,0.20264351
53,equipment_mean_completion_ratio,0.2102585,0.022571122,0.18768738
53,donations,1.4769231,1.6225797,-0.14565659
53,troop_mean_completion_ratio,0.25118092,0.13922732,0.1119536
53,donation_ratio,0.009978265,0.011416805,-0.0014385404
53,attack_wins,0.0,0.00031302636,-0.00031302636
53,combat_activity_total,0.0,0.00031302636,-0.00031302636
53,defense_wins,0.0,0.0,0.0
53,achievement_count,53.0,53.0,0.0
54,clan_capital_contributions,0.0,37854.02,-37854.02
54,trophies,547.96875,156.61906,391.34967
54,best_trophies,616.53125,525.2875,91.243774
54,donations_received,0.0,9.601413,-9.601413
54,war_stars,5.0,13.777096,-8.777096
54,donation_balance,0.0,-7.9788337,7.9788337
54,exp_level,21.03125,28.68128,-7.65003
54,hero_mean_level,0.0,3.4917042,-3.4917042
54,troop_count,24.8125,27.636755,-2.824255
54,donations,0.0,1.6225797,-1.6225797
54,equipment_count,0.0,1.2496161,-1.2496161
54,spell_count,1.0,2.2023342,-1.2023342
54,town_hall_level,5.0,5.940212,-0.9402118
54,hero_count,0.0,0.71282065,-0.71282065
54,progression_ratio_trophies,0.89239913,0.2912131,0.60118604
54,equipment_mean_level,0.0,0.42978108,-0.42978108
54,troop_mean_level,1.3136876,1.6637032,-0.35001564
54,builder_progression_ratio,0.9983344,0.67678493,0.32154948
54,builder_hall_level,2.0,2.12609,-0.12609005
54,spell_mean_level,2.0,1.9587318,0.04126823
54,hero_mean_completion_ratio,0.0,0.033141892,-0.033141892
54,spell_mean_completion_ratio,0.15384616,0.1793082,-0.025462046
54,equipment_mean_completion_ratio,0.0,0.022571122,-0.022571122
54,troop_mean_completion_ratio,0.117288455,0.13922732,-0.02193886
54,achievement_completion_ratio,0.22517383,0.23822038,-0.013046548
54,donation_ratio,0.0,0.011416805,-0.011416805
54,attack_wins,0.0,0.00031302636,-0.00031302636
54,combat_activity_total,0.0,0.00031302636,-0.00031302636
54,defense_wins,0.0,0.0,0.0
54,achievement_count,53.0,53.0,0.0
55,clan_capital_contributions,6518.136,37854.02,-31335.883
55,trophies,698.1212,156.61906,541.50214
55,best_trophies,836.51514,525.2875,311.22766
55,exp_level,41.5,28.68128,12.81872
55,donations_received,0.0,9.601413,-9.601413
55,war_stars,5.7727275,13.777096,-8.004368
55,donation_balance,0.0,-7.9788337,7.9788337
55,troop_count,32.515152,27.636755,4.878397
55,builder_hall_level,4.0,2.12609,1.87391
55,donations,0.0,1.6225797,-1.6225797
55,equipment_count,0.030303031,1.2496161,-1.2193131
55,hero_mean_level,2.2727273,3.4917042,-1.218977
55,town_hall_level,7.0,5.940212,1.0597882
55,spell_count,3.0,2.2023342,0.79766583
55,spell_mean_level,2.6616163,1.9587318,0.70288455
55,progression_ratio_trophies,0.8369614,0.2912131,0.5457483
55,equipment_mean_level,0.030303031,0.42978108,-0.39947805
55,troop_mean_level,2.0469036,1.6637032,0.3832004
55,builder_progression_ratio,0.9847428,0.67678493,0.3079579
55,hero_count,1.0,0.71282065,0.28717935
55,achievement_completion_ratio,0.30786458,0.23822038,0.0696442
55,spell_mean_completion_ratio,0.23672622,0.1793082,0.05741802
55,equipment_mean_completion_ratio,0.0011223345,0.022571122,-0.021448787
55,troop_mean_completion_ratio,0.15378626,0.13922732,0.014558941
55,hero_mean_completion_ratio,0.020661157,0.033141892,-0.012480736
55,donation_ratio,0.0,0.011416805,-0.011416805
55,attack_wins,0.0,0.00031302636,-0.00031302636
55,combat_activity_total,0.0,0.00031302636,-0.00031302636
55,defense_wins,0.0,0.0,0.0
55,achievement_count,53.0,53.0,0.0
56,clan_capital_contributions,5161.9785,37854.02,-32692.041
56,best_trophies,23.189161,525.2875,-502.09833
56,trophies,0.0,156.61906,-156.61906
56,exp_level,15.452965,28.68128,-13.228315
56,war_stars,1.7351738,13.777096,-12.041922
56,troop_count,23.9182,27.636755,-3.7185555
56,donation_balance,-11.665645,-7.9788337,-3.686811
56,donations_received,13.215747,9.601413,3.614334
56,hero_mean_level,1.0010225,3.4917042,-2.4906816
56,builder_hall_level,0.0,2.12609,-2.12609
56,equipment_count,0.0020449897,1.2496161,-1.2475711
56,spell_count,1.0337423,2.2023342,-1.1685919
56,spell_mean_level,1.0,1.9587318,-0.9587318
56,builder_progression_ratio,0.0,0.67678493,-0.67678493
56,town_hall_level,5.3139057,5.940212,-0.62630606
56,troop_mean_level,1.2220343,1.6637032,-0.44166887
56,equipment_mean_level,0.0020449897,0.42978108,-0.4277361
56,progression_ratio_trophies,0.0,0.2912131,-0.2912131
56,hero_count,1.0,0.71282065,0.28717935
56,achievement_completion_ratio,0.12790623,0.23822038,-0.110314146
56,spell_mean_completion_ratio,0.077049345,0.1793082,-0.10225886
56,donations,1.5501022,1.6225797,-0.07247746
56,troop_mean_completion_ratio,0.11305653,0.13922732,-0.026170783
56,hero_mean_completion_ratio,0.009100205,0.033141892,-0.024041686
56,donation_ratio,0.03507719,0.011416805,0.023660384
56,equipment_mean_completion_ratio,7.574036e-05,0.022571122,-0.022495382
56,attack_wins,0.0,0.00031302636,-0.00031302636
56,combat_activity_total,0.0,0.00031302636,-0.00031302636
56,defense_wins,0.0,0.0,0.0
56,achievement_count,53.0,53.0,0.0
57,clan_capital_contributions,304.28323,37854.02,-37549.734
57,best_trophies,294.40524,525.2875,-230.88223
57,trophies,0.0,156.61906,-156.61906
57,donations_received,0.6427015,9.601413,-8.958712
57,exp_level,21.152506,28.68128,-7.5287743
57,donation_balance,-0.57734203,-7.9788337,7.4014916
57,war_stars,7.7494555,13.777096,-6.0276403
57,hero_mean_level,0.0,3.4917042,-3.4917042
57,troop_count,24.938997,27.636755,-2.6977577
57,builder_hall_level,0.0,2.12609,-2.12609
57,spell_mean_level,4.0,1.9587318,2.0412683
57,donations,0.06535948,1.6225797,-1.5572202
57,equipment_count,0.0021786492,1.2496161,-1.2474375
57,spell_count,1.0021787,2.2023342,-1.2001555
57,hero_count,0.0,0.71282065,-0.71282065
57,builder_progression_ratio,0.0,0.67678493,-0.67678493
57,town_hall_level,5.315904,5.940212,-0.62430763
57,equipment_mean_level,0.0021786492,0.42978108,-0.42760244
57,progression_ratio_trophies,0.0,0.2912131,-0.2912131
57,troop_mean_level,1.3912354,1.6637032,-0.27246785
57,spell_mean_completion_ratio,0.30772024,0.1793082,0.12841204
57,achievement_completion_ratio,0.15263501,0.23822038,-0.08558537
57,hero_mean_completion_ratio,0.0,0.033141892,-0.033141892
57,equipment_mean_completion_ratio,8.069071e-05,0.022571122,-0.022490432
57,troop_mean_completion_ratio,0.12561284,0.13922732,-0.013614476
57,donation_ratio,0.0008714597,0.011416805,-0.010545345
57,attack_wins,0.0021786492,0.00031302636,0.0018656228
57,combat_activity_total,0.0021786492,0.00031302636,0.0018656228
57,defense_wins,0.0,0.0,0.0
57,achievement_count,53.0,53.0,0.0
58,clan_capital_contributions,19017.334,37854.02,-18836.686
58,best_trophies,848.24274,525.2875,322.95526
58,trophies,0.0,156.61906,-156.61906
58,donations_received,0.06472492,9.601413,-9.536688
58,exp_level,36.65696,28.68128,7.9756794
58,donation_balance,-0.06472492,-7.9788337,7.9141088
58,war_stars,8.608415,13.777096,-5.168681
58,hero_mean_level,0.0,3.4917042,-3.4917042
58,troop_count,29.805826,27.636755,2.1690712
58,builder_hall_level,4.0,2.12609,1.87391
58,donations,0.0,1.6225797,-1.6225797
58,spell_mean_level,3.4973035,1.9587318,1.5385717
58,equipment_count,0.0,1.2496161,-1.2496161
58,hero_count,0.0,0.71282065,-0.71282065
58,equipment_mean_level,0.0,0.42978108,-0.42978108
58,town_hall_level,6.2653723,5.940212,0.3251605
58,troop_mean_level,1.9730792,1.6637032,0.309376
58,builder_progression_ratio,0.9717662,0.67678493,0.29498124
58,progression_ratio_trophies,0.0,0.2912131,-0.2912131
58,spell_count,2.0161812,2.2023342,-0.18615294
58,spell_mean_completion_ratio,0.2793327,0.1793082,0.10002449
58,achievement_completion_ratio,0.3068401,0.23822038,0.06861971
58,hero_mean_completion_ratio,0.0,0.033141892,-0.033141892
58,equipment_mean_completion_ratio,0.0,0.022571122,-0.022571122
58,donation_ratio,0.0,0.011416805,-0.011416805
58,troop_mean_completion_ratio,0.15039489,0.13922732,0.011167571
58,attack_wins,0.0,0.00031302636,-0.00031302636
58,combat_activity_total,0.0,0.00031302636,-0.00031302636
58,defense_wins,0.0,0.0,0.0
58,achievement_count,53.0,53.0,0.0
59,clan_capital_contributions,7687.7656,37854.02,-30166.254
59,best_trophies,319.9099,525.2875,-205.37756
59,trophies,0.0,156.61906,-156.61906
59,exp_level,19.063063,28.68128,-9.618217
59,donations_received,0.009009009,9.601413,-9.592403
59,donation_balance,-0.009009009,-7.9788337,7.969825
59,war_stars,6.2342343,13.777096,-7.5428615
59,hero_mean_level,0.0,3.4917042,-3.4917042
59,troop_count,24.792793,27.636755,-2.8439617
59,donations,0.0,1.6225797,-1.6225797
59,equipment_count,0.018018018,1.2496161,-1.2315981
59,spell_count,1.1621622,2.2023342,-1.040172
59,hero_count,0.0,0.71282065,-0.71282065
59,equipment_mean_level,0.018018018,0.42978108,-0.41176307
59,troop_mean_level,1.3245385,1.6637032,-0.33916473
59,builder_progression_ratio,0.9970881,0.67678493,0.32030314
59,progression_ratio_trophies,0.0,0.2912131,-0.2912131
59,builder_hall_level,2.0,2.12609,-0.12609005
59,achievement_completion_ratio,0.18830188,0.23822038,-0.049918503
59,town_hall_level,5.891892,5.940212,-0.048319817
59,spell_mean_level,2.0,1.9587318,0.04126823
59,hero_mean_completion_ratio,0.0,0.033141892,-0.033141892
59,attack_wins,0.027027028,0.00031302636,0.026714
59,combat_activity_total,0.027027028,0.00031302636,0.026714
59,spell_mean_completion_ratio,0.15456808,0.1793082,-0.02474013
59,equipment_mean_completion_ratio,0.000667334,0.022571122,-0.021903789
59,troop_mean_completion_ratio,0.11873904,0.13922732,-0.020488277
59,donation_ratio,0.0,0.011416805,-0.011416805
59,defense_wins,0.0,0.0,0.0
59,achievement_count,53.0,53.0,0.0
60,clan_capital_contributions,3333.693,37854.02,-34520.33
60,trophies,0.0,156.61906,-156.61906
60,best_trophies,509.93182,525.2875,-15.355652
60,war_stars,2.1477273,13.777096,-11.629369
60,donations_received,0.18181819,9.601413,-9.419595
60,donation_balance,-0.18181819,-7.9788337,7.7970157
60,exp_level,24.511364,28.68128,-4.169916
60,hero_mean_level,0.0,3.4917042,-3.4917042
60,donations,0.0,1.6225797,-1.6225797
60,equipment_count,0.022727273,1.2496161,-1.2268889
60,builder_hall_level,3.0,2.12609,0.87390995
60,hero_count,0.0,0.71282065,-0.71282065
60,troop_count,27.03409,27.636755,-0.60266495
60,spell_mean_level,1.498106,1.9587318,-0.46062577
60,equipment_mean_level,0.022727273,0.42978108,-0.4070538
60,builder_progression_ratio,0.98524004,0.67678493,0.3084551
60,progression_ratio_trophies,0.0,0.2912131,-0.2912131
60,town_hall_level,6.193182,5.940212,0.25297022
60,spell_count,2.0113637,2.2023342,-0.19097042
60,troop_mean_level,1.5184197,1.6637032,-0.14528346
60,spell_mean_completion_ratio,0.11915516,0.1793082,-0.060153045
60,hero_mean_completion_ratio,0.0,0.033141892,-0.033141892
60,equipment_mean_completion_ratio,0.0008417508,0.022571122,-0.02172937
60,troop_mean_completion_ratio,0.12756114,0.13922732,-0.011666179
60,donation_ratio,0.0,0.011416805,-0.011416805
60,achievement_completion_ratio,0.23488377,0.23822038,-0.0033366084
60,attack_wins,0.0,0.00031302636,-0.00031302636
60,combat_activity_total,0.0,0.00031302636,-0.00031302636
60,defense_wins,0.0,0.0,0.0
60,achievement_count,53.0,53.0,0.0
61,clan_capital_contributions,54482.117,37854.02,16628.098
61,best_trophies,1938.2881,525.2875,1413.0006
61,trophies,0.0,156.61906,-156.61906
61,war_stars,103.118645,13.777096,89.34155
61,exp_level,93.20339,28.68128,64.52211
61,hero_mean_level,19.632769,3.4917042,16.141064
61,troop_count,43.33898,27.636755,15.702227
61,donations_received,0.0,9.601413,-9.601413
61,spell_count,10.898305,2.2023342,8.695971
61,donation_balance,0.0,-7.9788337,7.9788337
61,town_hall_level,10.0,5.940212,4.059788
61,builder_hall_level,6.0,2.12609,3.87391
61,hero_count,3.0,0.71282065,2.2871795
61,troop_mean_level,3.740508,1.6637032,2.0768049
61,donations,0.0,1.6225797,-1.6225797
61,equipment_count,0.0,1.2496161,-1.2496161
61,spell_mean_level,2.9442217,1.9587318,0.98548996
61,equipment_mean_level,0.0,0.42978108,-0.42978108
61,achievement_completion_ratio,0.63419676,0.23822038,0.39597636
61,progression_ratio_trophies,0.0,0.2912131,-0.2912131
61,builder_progression_ratio,0.95989686,0.67678493,0.28311193
61,hero_mean_completion_ratio,0.219752,0.033141892,0.1866101
61,spell_mean_completion_ratio,0.32927784,0.1793082,0.14996964
61,troop_mean_completion_ratio,0.26330772,0.13922732,0.124080405
61,equipment_mean_completion_ratio,0.0,0.022571122,-0.022571122
61,donation_ratio,0.0,0.011416805,-0.011416805
61,attack_wins,0.0,0.00031302636,-0.00031302636
61,combat_activity_total,0.0,0.00031302636,-0.00031302636
61,defense_wins,0.0,0.0,0.0
61,achievement_count,53.0,53.0,0.0
62,clan_capital_contributions,3931.9114,37854.02,-33922.11
62,trophies,630.481,156.61906,473.86194
62,best_trophies,823.4684,525.2875,298.1809
62,exp_level,41.27848,28.68128,12.5972
62,donations_received,0.0,9.601413,-9.601413
62,donation_balance,0.0,-7.9788337,7.9788337
62,hero_mean_level,0.0,3.4917042,-3.4917042
62,war_stars,10.78481,13.777096,-2.9922857
62,troop_count,29.746836,27.636755,2.1100807
62,spell_mean_level,4.0,1.9587318,2.0412683
62,donations,0.0,1.6225797,-1.6225797
62,equipment_count,0.0,1.2496161,-1.2496161
62,town_hall_level,7.012658,5.940212,1.0724463
62,builder_hall_level,3.0,2.12609,0.87390995
62,spell_count,3.0,2.2023342,0.79766583
62,hero_count,0.0,0.71282065,-0.71282065
62,progression_ratio_trophies,0.7756942,0.2912131,0.4844811
62,equipment_mean_level,0.0,0.42978108,-0.42978108
62,troop_mean_level,1.9781297,1.6637032,0.31442654
62,builder_progression_ratio,0.9911332,0.67678493,0.31434828
62,spell_mean_completion_ratio,0.40415147,0.1793082,0.22484326
62,achievement_completion_ratio,0.2789105,0.23822038,0.04069011
62,hero_mean_completion_ratio,0.0,0.033141892,-0.033141892
62,equipment_mean_completion_ratio,0.0,0.022571122,-0.022571122
62,troop_mean_completion_ratio,0.16115099,0.13922732,0.021923676
62,donation_ratio,0.0,0.011416805,-0.011416805
62,attack_wins,0.0,0.00031302636,-0.00031302636
62,combat_activity_total,0.0,0.00031302636,-0.00031302636
62,defense_wins,0.0,0.0,0.0
62,achievement_count,53.0,53.0,0.0
63,clan_capital_contributions,4822.101,37854.02,-33031.918
63,best_trophies,166.95506,525.2875,-358.3324
63,donations_received,59.393257,9.601413,49.791843
63,donation_balance,-41.80899,-7.9788337,-33.83016
63,donations,17.58427,1.6225797,15.961691
63,war_stars,2.9325843,13.777096,-10.844511
63,trophies,166.94382,156.61906,10.324753
63,troop_count,29.269663,27.636755,1.6329079
63,hero_mean_level,1.8988764,3.4917042,-1.5928278
63,spell_mean_level,3.5,1.9587318,1.5412682
63,equipment_count,0.011235955,1.2496161,-1.2383802
63,town_hall_level,7.0,5.940212,1.0597882
63,builder_hall_level,3.0,2.12609,0.87390995
63,progression_ratio_trophies,0.99997294,0.2912131,0.70875984
63,equipment_mean_level,0.011235955,0.42978108,-0.41854513
63,builder_progression_ratio,0.98549265,0.67678493,0.3087077
63,hero_count,1.0,0.71282065,0.28717935
63,donation_ratio,0.22541982,0.011416805,0.21400301
63,spell_count,2.0,2.2023342,-0.20233417
63,exp_level,28.83146,28.68128,0.15018082
63,spell_mean_completion_ratio,0.27884617,0.1793082,0.09953797
63,troop_mean_level,1.7607528,1.6637032,0.097049594
63,equipment_mean_completion_ratio,0.00041614647,0.022571122,-0.022154976
63,achievement_completion_ratio,0.21638347,0.23822038,-0.021836907
63,hero_mean_completion_ratio,0.017262513,0.033141892,-0.01587938
63,troop_mean_completion_ratio,0.14273413,0.13922732,0.0035068095
63,attack_wins,0.0,0.00031302636,-0.00031302636
63,combat_activity_total,0.0,0.00031302636,-0.00031302636
63,defense_wins,0.0,0.0,0.0
63,achievement_count,53.0,53.0,0.0
64,clan_capital_contributions,27862.023,37854.02,-9991.996
64,best_trophies,1875.6456,525.2875,1350.3582
64,trophies,0.0,156.61906,-156.61906
64,war_stars,97.173225,13.777096,83.39613
64,exp_level,86.10236,28.68128,57.42108
64,troop_count,41.614174,27.636755,13.977419
64,hero_mean_level,16.162733,3.4917042,12.671029
64,donations_received,0.0,9.601413,-9.601413
64,donation_balance,0.0,-7.9788337,7.9788337
64,spell_count,8.968504,2.2023342,6.7661695
64,builder_hall_level,6.0,2.12609,3.87391
64,town_hall_level,9.0078745,5.940212,3.0676627
64,hero_count,3.0,0.71282065,2.2871795
64,troop_mean_level,3.8242514,1.6637032,2.1605482
64,donations,0.0,1.6225797,-1.6225797
64,equipment_count,0.0,1.2496161,-1.2496161
64,spell_mean_level,3.1959758,1.9587318,1.237244
64,equipment_mean_level,0.0,0.42978108,-0.42978108
64,achievement_completion_ratio,0.5975944,0.23822038,0.359374
64,progression_ratio_trophies,0.0,0.2912131,-0.2912131
64,builder_progression_ratio,0.96004957,0.67678493,0.28326464
64,spell_mean_completion_ratio,0.35755932,0.1793082,0.17825112
64,hero_mean_completion_ratio,0.17873675,0.033141892,0.14559485
64,troop_mean_completion_ratio,0.26391274,0.13922732,0.12468542
64,equipment_mean_completion_ratio,0.0,0.022571122,-0.022571122
64,donation_ratio,0.0,0.011416805,-0.011416805
64,attack_wins,0.0,0.00031302636,-0.00031302636
64,combat_activity_total,0.0,0.00031302636,-0.00031302636
64,defense_wins,0.0,0.0,0.0
64,achievement_count,53.0,53.0,0.0
65,clan_capital_contributions,15290.846,37854.02,-22563.174
65,best_trophies,855.69543,525.2875,330.40796
65,trophies,0.18636364,156.61906,-156.4327
65,exp_level,47.663635,28.68128,18.982355
65,donations_received,1.209091,9.601413,-8.392322
65,donation_balance,-0.79545456,-7.9788337,7.183379
65,troop_count,34.095455,27.636755,6.4587
65,hero_mean_level,9.218182,3.4917042,5.7264776
65,war_stars,19.381819,13.777096,5.604723
65,spell_count,4.490909,2.2023342,2.288575
65,town_hall_level,8.0,5.940212,2.0597882
65,builder_hall_level,4.0,2.12609,1.87391
65,equipment_count,3.0136364,1.2496161,1.7640202
65,spell_mean_level,3.3310602,1.9587318,1.3723284
65,donations,0.41363636,1.6225797,-1.2089434
65,troop_mean_level,2.3542874,1.6637032,0.6905842
65,equipment_mean_level,1.0242425,0.42978108,0.59446144
65,builder_progression_ratio,0.9856283,0.67678493,0.30884337
65,progression_ratio_trophies,0.0003827647,0.2912131,-0.29083034
65,hero_count,1.0,0.71282065,0.28717935
65,spell_mean_completion_ratio,0.33305955,0.1793082,0.15375134
65,achievement_completion_ratio,0.3358894,0.23822038,0.09766902
65,hero_mean_completion_ratio,0.08380165,0.033141892,0.050659757
65,troop_mean_completion_ratio,0.17844687,0.13922732,0.03921956
65,equipment_mean_completion_ratio,0.05633418,0.022571122,0.03376306
65,donation_ratio,0.0037252964,0.011416805,-0.0076915086
65,attack_wins,0.0,0.00031302636,-0.00031302636
65,combat_activity_total,0.0,0.00031302636,-0.00031302636
65,defense_wins,0.0,0.0,0.0
65,achievement_count,53.0,53.0,0.0
66,clan_capital_contributions,6538.7,37854.02,-31315.32
66,best_trophies,1413.05,525.2875,887.7626
66,trophies,787.75,156.61906,631.1309
66,war_stars,76.35,13.777096,62.572903
66,exp_level,67.4,28.68128,38.71872
66,donations_received,0.0,9.601413,-9.601413
66,donation_balance,0.0,-7.9788337,7.9788337
66,troop_count,34.5,27.636755,6.863245
66,hero_mean_level,10.0,3.4917042,6.508296
66,spell_count,5.0,2.2023342,2.7976658
66,town_hall_level,8.0,5.940212,2.0597882
66,spell_mean_level,3.8000004,1.9587318,1.8412687
66,donations,0.0,1.6225797,-1.6225797
66,equipment_count,0.0,1.2496161,-1.2496161
66,builder_hall_level,3.0,2.12609,0.87390995
66,troop_mean_level,2.4838147,1.6637032,0.8201115
66,equipment_mean_level,0.0,0.42978108,-0.42978108
66,builder_progression_ratio,0.9958502,0.67678493,0.31906527
66,hero_count,1.0,0.71282065,0.28717935
66,progression_ratio_trophies,0.55937344,0.2912131,0.26816034
66,spell_mean_completion_ratio,0.3864469,0.1793082,0.20713869
66,achievement_completion_ratio,0.421616,0.23822038,0.18339561
66,hero_mean_completion_ratio,0.0909091,0.033141892,0.05776721
66,troop_mean_completion_ratio,0.19360158,0.13922732,0.054374263
66,equipment_mean_completion_ratio,0.0,0.022571122,-0.022571122
66,donation_ratio,0.0,0.011416805,-0.011416805
66,attack_wins,0.0,0.00031302636,-0.00031302636
66,combat_activity_total,0.0,0.00031302636,-0.00031302636
66,defense_wins,0.0,0.0,0.0
66,achievement_count,53.0,53.0,0.0
67,clan_capital_contributions,1741.4186,37854.02,-36112.6
67,trophies,681.2093,156.61906,524.5902
67,best_trophies,989.81396,525.2875,464.5265
67,exp_level,45.976746,28.68128,17.295465
67,donations_received,0.0,9.601413,-9.601413
67,donation_balance,0.0,-7.9788337,7.9788337
67,war_stars,8.046512,13.777096,-5.730584
67,troop_count,31.976744,27.636755,4.3399887
67,hero_mean_level,0.0,3.4917042,-3.4917042
67,spell_mean_level,4.0,1.9587318,2.0412683
67,builder_hall_level,4.0,2.12609,1.87391
67,donations,0.0,1.6225797,-1.6225797
67,equipment_count,0.0,1.2496161,-1.2496161
67,town_hall_level,7.0,5.940212,1.0597882
67,spell_count,3.0,2.2023342,0.79766583
67,hero_count,0.0,0.71282065,-0.71282065
67,troop_mean_level,2.2718542,1.6637032,0.60815096
67,equipment_mean_level,0.0,0.42978108,-0.42978108
67,progression_ratio_trophies,0.6910644,0.2912131,0.39985132
67,builder_progression_ratio,0.9800707,0.67678493,0.30328578
67,spell_mean_completion_ratio,0.40415144,0.1793082,0.22484323
67,achievement_completion_ratio,0.3236596,0.23822038,0.08543922
67,hero_mean_completion_ratio,0.0,0.033141892,-0.033141892
67,troop_mean_completion_ratio,0.17118396,0.13922732,0.031956643
67,equipment_mean_completion_ratio,0.0,0.022571122,-0.022571122
67,donation_ratio,0.0,0.011416805,-0.011416805
67,attack_wins,0.0,0.00031302636,-0.00031302636
67,combat_activity_total,0.0,0.00031302636,-0.00031302636
67,defense_wins,0.0,0.0,0.0
67,achievement_count,53.0,53.0,0.0
68,clan_capital_contributions,1140.3955,37854.02,-36713.625
68,trophies,0.0,156.61906,-156.61906
68,best_trophies,543.6497,525.2875,18.362244
68,war_stars,2.977401,13.777096,-10.799695
68,donations_received,0.16949153,9.601413,-9.431921
68,donation_balance,-0.16949153,-7.9788337,7.8093424
68,exp_level,22.451977,28.68128,-6.2293034
68,hero_mean_level,0.0,3.4917042,-3.4917042
68,donations,0.0,1.6225797,-1.6225797
68,equipment_count,0.0056497175,1.2496161,-1.2439665
68,troop_count,26.480227,27.636755,-1.1565285
68,spell_count,1.2655367,2.2023342,-0.9367975
68,builder_hall_level,3.0,2.12609,0.87390995
68,hero_count,0.0,0.71282065,-0.71282065
68,equipment_mean_level,0.0056497175,0.42978108,-0.42413136
68,builder_progression_ratio,0.9869588,0.67678493,0.31017387
68,progression_ratio_trophies,0.0,0.2912131,-0.2912131
68,troop_mean_level,1.4469289,1.6637032,-0.21677434
68,town_hall_level,5.762712,5.940212,-0.17749977
68,spell_mean_level,2.0,1.9587318,0.04126823
68,hero_mean_completion_ratio,0.0,0.033141892,-0.033141892
68,spell_mean_completion_ratio,0.15514217,0.1793082,-0.024166033
68,equipment_mean_completion_ratio,0.0002092488,0.022571122,-0.022361873
68,troop_mean_completion_ratio,0.122342,0.13922732,-0.016885318
68,donation_ratio,0.0,0.011416805,-0.011416805
68,achievement_completion_ratio,0.23282364,0.23822038,-0.0053967386
68,attack_wins,0.0,0.00031302636,-0.00031302636
68,combat_activity_total,0.0,0.00031302636,-0.00031302636
68,defense_wins,0.0,0.0,0.0
68,achievement_count,53.0,53.0,0.0
69,clan_capital_contributions,13981.091,37854.02,-23872.93
69,best_trophies,1326.0227,525.2875,800.7352
69,trophies,861.3182,156.61906,704.6991
69,exp_level,66.21212,28.68128,37.530838
69,war_stars,39.21212,13.777096,25.435024
69,troop_count,37.772728,27.636755,10.135973
69,donations_received,0.0,9.601413,-9.601413
69,donation_balance,0.0,-7.9788337,7.9788337
69,builder_hall_level,5.0,2.12609,2.87391
69,spell_count,4.992424,2.2023342,2.7900898
69,hero_mean_level,6.0719695,3.4917042,2.5802653
69,town_hall_level,8.007576,5.940212,2.0673642
69,spell_mean_level,3.6344697,1.9587318,1.675738
69,donations,0.0,1.6225797,-1.6225797
69,troop_mean_level,3.1565714,1.6637032,1.4928682
69,hero_count,2.0,0.71282065,1.2871794
69,equipment_count,0.0,1.2496161,-1.2496161
69,equipment_mean_level,0.0,0.42978108,-0.42978108
69,progression_ratio_trophies,0.65654576,0.2912131,0.36533266
69,builder_progression_ratio,0.97414815,0.67678493,0.29736322
69,spell_mean_completion_ratio,0.36955404,0.1793082,0.19024584
69,achievement_completion_ratio,0.4234781,0.23822038,0.18525772
69,troop_mean_completion_ratio,0.21920927,0.13922732,0.07998195
69,hero_mean_completion_ratio,0.07327823,0.033141892,0.04013634
69,equipment_mean_completion_ratio,0.0,0.022571122,-0.022571122
69,donation_ratio,0.0,0.011416805,-0.011416805
69,attack_wins,0.0,0.00031302636,-0.00031302636
69,combat_activity_total,0.0,0.00031302636,-0.00031302636
69,defense_wins,0.0,0.0,0.0
69,achievement_count,53.0,53.0,0.0
70,clan_capital_contributions,39628.773,37854.02,1774.7539
70,best_trophies,1606.0227,525.2875,1080.7352
70,trophies,0.0,156.61906,-156.61906
70,exp_level,92.09091,28.68128,63.40963
70,war_stars,55.022728,13.777096,41.245632
70,hero_mean_level,24.494318,3.4917042,21.002613
70,troop_count,43.68182,27.636755,16.045065
70,equipment_count,10.068182,1.2496161,8.818565
70,spell_count,11.0,2.2023342,8.797666
70,donations_received,4.5,9.601413,-5.101413
70,town_hall_level,10.0,5.940212,4.059788
70,builder_hall_level,6.0,2.12609,3.87391
70,donation_balance,-4.5,-7.9788337,3.4788337
70,hero_count,4.0,0.71282065,3.2871795
70,troop_mean_level,3.7634542,1.6637032,2.099751
70,equipment_mean_level,2.3342974,0.42978108,1.9045163
70,spell_mean_level,3.6962812,1.9587318,1.7375494
70,donations,0.0,1.6225797,-1.6225797
70,achievement_completion_ratio,0.55205655,0.23822038,0.31383616
70,builder_progression_ratio,0.9725645,0.67678493,0.2957796
70,progression_ratio_trophies,0.0,0.2912131,-0.2912131
70,spell_mean_completion_ratio,0.42267647,0.1793082,0.24336827
70,hero_mean_completion_ratio,0.2502058,0.033141892,0.21706392
70,troop_mean_completion_ratio,0.27122042,0.13922732,0.1319931
70,equipment_mean_completion_ratio,0.12863483,0.022571122,0.1060637
70,donation_ratio,0.0,0.011416805,-0.011416805
70,attack_wins,0.0,0.00031302636,-0.00031302636
70,combat_activity_total,0.0,0.00031302636,-0.00031302636
70,defense_wins,0.0,0.0,0.0
70,achievement_count,53.0,53.0,0.0
71,clan_capital_contributions,152058.55,37854.02,114204.53
71,best_trophies,2939.8667,525.2875,2414.579
71,trophies,0.0,156.61906,-156.61906
71,exp_level,116.01111,28.68128,87.32983
71,troop_count,75.888885,27.636755,48.25213
71,hero_mean_level,42.025394,3.4917042,38.53369
71,equipment_count,30.555555,1.2496161,29.305939
71,spell_count,17.0,2.2023342,14.797666
71,war_stars,0.0,13.777096,-13.777096
71,town_hall_level,17.044445,5.940212,11.104233
71,donations_received,0.0,9.601413,-9.601413
71,donation_balance,0.0,-7.9788337,7.9788337
71,hero_count,7.0,0.71282065,6.2871795
71,equipment_mean_level,5.700173,0.42978108,5.270392
71,builder_hall_level,7.0,2.12609,4.87391
71,achievement_completion_ratio,3.6118436,0.23822038,3.3736231
71,troop_mean_level,3.999275,1.6637032,2.3355718
71,donations,0.0,1.6225797,-1.6225797
71,spell_mean_level,2.9967322,1.9587318,1.0380005
71,hero_mean_completion_ratio,0.4986769,0.033141892,0.465535
71,progression_ratio_trophies,0.0,0.2912131,-0.2912131
71,builder_progression_ratio,0.9605544,0.67678493,0.2837695
71,troop_mean_completion_ratio,0.3819613,0.13922732,0.24273397
71,equipment_mean_completion_ratio,0.2626216,0.022571122,0.2400505
71,spell_mean_completion_ratio,0.38107902,0.1793082,0.20177081
71,donation_ratio,0.0,0.011416805,-0.011416805
71,attack_wins,0.0,0.00031302636,-0.00031302636
71,combat_activity_total,0.0,0.00031302636,-0.00031302636
71,defense_wins,0.0,0.0,0.0
71,achievement_count,53.0,53.0,0.0
72,clan_capital_contributions,4993.344,37854.02,-32860.676
72,best_trophies,242.61111,525.2875,-282.67636
72,trophies,0.0,156.61906,-156.61906
72,war_stars,5.007407,13.777096,-8.769689
72,exp_level,25.911112,28.68128,-2.7701683
72,donations_received,12.114815,9.601413,2.513402
72,spell_mean_level,4.0,1.9587318,2.0412683
72,donations,3.6222222,1.6225797,1.9996425
72,hero_mean_level,1.6,3.4917042,-1.8917042
72,equipment_count,0.022222223,1.2496161,-1.2273939
72,spell_count,1.2629629,2.2023342,-0.9393712
72,builder_hall_level,3.0,2.12609,0.87390995
72,donation_balance,-8.492593,-7.9788337,-0.51375914
72,equipment_mean_level,0.022222223,0.42978108,-0.40755886
72,town_hall_level,6.322222,5.940212,0.38201046
72,builder_progression_ratio,0.98837316,0.67678493,0.31158823
72,progression_ratio_trophies,0.0,0.2912131,-0.2912131
72,hero_count,1.0,0.71282065,0.28717935
72,spell_mean_completion_ratio,0.31106365,0.1793082,0.13175544
72,troop_count,27.688889,27.636755,0.05213356
72,donation_ratio,0.04242917,0.011416805,0.031012367
72,troop_mean_level,1.63668,1.6637032,-0.027023196
72,achievement_completion_ratio,0.21521764,0.23822038,-0.023002744
72,equipment_mean_completion_ratio,0.0008230453,0.022571122,-0.021748077
72,hero_mean_completion_ratio,0.014545455,0.033141892,-0.018596437
72,troop_mean_completion_ratio,0.1362572,0.13922732,-0.0029701144
72,attack_wins,0.0,0.00031302636,-0.00031302636
72,combat_activity_total,0.0,0.00031302636,-0.00031302636
72,defense_wins,0.0,0.0,0.0
72,achievement_count,53.0,53.0,0.0
73,clan_capital_contributions,406295.3,37854.02,368441.28
73,best_trophies,245.79037,525.2875,-279.4971
73,trophies,0.0,156.61906,-156.61906
73,war_stars,0.7811615,13.777096,-12.9959345
73,exp_level,16.283287,28.68128,-12.397993
73,donations_received,0.04957507,9.601413,-9.551838
73,donation_balance,-0.04957507,-7.9788337,7.929259
73,troop_count,22.27337,27.636755,-5.3633842
73,hero_mean_level,0.0,3.4917042,-3.4917042
73,builder_hall_level,0.0,2.12609,-2.12609
73,donations,0.0,1.6225797,-1.6225797
73,equipment_count,0.0007082153,1.2496161,-1.2489079
73,spell_count,1.0134561,2.2023342,-1.188878
73,spell_mean_level,1.0,1.9587318,-0.9587318
73,hero_count,0.0,0.71282065,-0.71282065
73,builder_progression_ratio,0.0,0.67678493,-0.67678493
73,troop_mean_level,1.1345057,1.6637032,-0.52919745
73,equipment_mean_level,0.0007082153,0.42978108,-0.42907286
73,progression_ratio_trophies,0.0,0.2912131,-0.2912131
73,town_hall_level,5.684844,5.940212,-0.25536776
73,achievement_completion_ratio,0.1348938,0.23822038,-0.103326574
73,spell_mean_completion_ratio,0.076966204,0.1793082,-0.102342
73,hero_mean_completion_ratio,0.0,0.033141892,-0.033141892
73,troop_mean_completion_ratio,0.10772883,0.13922732,-0.031498484
73,equipment_mean_completion_ratio,2.6230196e-05,0.022571122,-0.022544893
73,donation_ratio,0.0,0.011416805,-0.011416805
73,attack_wins,0.0,0.00031302636,-0.00031302636
73,combat_activity_total,0.0,0.00031302636,-0.00031302636
73,defense_wins,0.0,0.0,0.0
73,achievement_count,53.0,53.0,0.0
74,clan_capital_contributions,415.92593,37854.02,-37438.094
74,trophies,0.0,156.61906,-156.61906
74,best_trophies,679.9926,525.2875,154.70514
74,war_stars,1.4,13.777096,-12.377096
74,donations_received,0.0,9.601413,-9.601413
74,donation_balance,0.0,-7.9788337,7.9788337
74,hero_mean_level,0.0,3.4917042,-3.4917042
74,exp_level,25.933332,28.68128,-2.7479477
74,builder_hall_level,4.0,2.12609,1.87391
74,donations,0.0,1.6225797,-1.6225797
74,equipment_count,0.0,1.2496161,-1.2496161
74,spell_mean_level,1.0,1.9587318,-0.9587318
74,spell_count,1.3333334,2.2023342,-0.8690008
74,troop_count,28.362963,27.636755,0.72620773
74,hero_count,0.0,0.71282065,-0.71282065
74,equipment_mean_level,0.0,0.42978108,-0.42978108
74,builder_progression_ratio,0.9804075,0.67678493,0.30362254
74,progression_ratio_trophies,0.0,0.2912131,-0.2912131
74,town_hall_level,5.6814814,5.940212,-0.2587304
74,spell_mean_completion_ratio,0.07799145,0.1793082,-0.10131676
74,troop_mean_level,1.6062303,1.6637032,-0.057472944
74,hero_mean_completion_ratio,0.0,0.033141892,-0.033141892
74,achievement_completion_ratio,0.26701546,0.23822038,0.028795078
74,equipment_mean_completion_ratio,0.0,0.022571122,-0.022571122
74,troop_mean_completion_ratio,0.12695873,0.13922732,-0.012268588
74,donation_ratio,0.0,0.011416805,-0.011416805
74,attack_wins,0.0,0.00031302636,-0.00031302636
74,combat_activity_total,0.0,0.00031302636,-0.00031302636
74,defense_wins,0.0,0.0,0.0
74,achievement_count,53.0,53.0,0.0
75,clan_capital_contributions,33684.3,37854.02,-4169.7188
75,best_trophies,1599.9302,525.2875,1074.6427
75,trophies,1128.6744,156.61906,972.05536
75,war_stars,64.441864,13.777096,50.66477
75,exp_level,78.88372,28.68128,50.20244
75,troop_count,40.697674,27.636755,13.060919
75,hero_mean_level,13.271318,3.4917042,9.779614
75,donations_received,0.0,9.601413,-9.601413
75,donation_balance,0.0,-7.9788337,7.9788337
75,spell_count,8.976745,2.2023342,6.7744102
75,town_hall_level,9.0,5.940212,3.0597882
75,builder_hall_level,5.0,2.12609,2.87391
75,hero_count,3.0,0.71282065,2.2871795
75,troop_mean_level,3.4961214,1.6637032,1.8324182
75,donations,0.0,1.6225797,-1.6225797
75,equipment_count,0.0,1.2496161,-1.2496161
75,spell_mean_level,2.9977388,1.9587318,1.0390071
75,equipment_mean_level,0.0,0.42978108,-0.42978108
75,progression_ratio_trophies,0.7059239,0.2912131,0.41471082
75,builder_progression_ratio,0.9733255,0.67678493,0.29654056
75,achievement_completion_ratio,0.49716043,0.23822038,0.25894004
75,spell_mean_completion_ratio,0.33227107,0.1793082,0.15296286
75,troop_mean_completion_ratio,0.24641143,0.13922732,0.10718411
75,hero_mean_completion_ratio,0.13982683,0.033141892,0.10668494
75,equipment_mean_completion_ratio,0.0,0.022571122,-0.022571122
75,donation_ratio,0.0,0.011416805,-0.011416805
75,attack_wins,0.0,0.00031302636,-0.00031302636
75,combat_activity_total,0.0,0.00031302636,-0.00031302636
75,defense_wins,0.0,0.0,0.0
75,achievement_count,53.0,53.0,0.0
76,clan_capital_contributions,6150.8867,37854.02,-31703.133
76,best_trophies,93.986275,525.2875,-431.3012
76,trophies,0.0,156.61906,-156.61906
76,exp_level,20.231562,28.68128,-8.449718
76,donations_received,16.279589,9.601413,6.678176
76,donation_balance,-13.126929,-7.9788337,-5.1480956
76,troop_count,24.994854,27.636755,-2.641901
76,hero_mean_level,1.0171527,3.4917042,-2.4745517
76,builder_hall_level,0.0,2.12609,-2.12609
76,spell_mean_level,4.0,1.9587318,2.0412683
76,donations,3.1526587,1.6225797,1.530079
76,equipment_count,0.0051457975,1.2496161,-1.2444704
76,spell_count,1.0034305,2.2023342,-1.1989037
76,war_stars,12.816466,13.777096,-0.96062946
76,builder_progression_ratio,0.0,0.67678493,-0.67678493
76,town_hall_level,5.3979416,5.940212,-0.5422702
76,equipment_mean_level,0.0051457975,0.42978108,-0.4246353
76,progression_ratio_trophies,0.0,0.2912131,-0.2912131
76,hero_count,1.0,0.71282065,0.28717935
76,troop_mean_level,1.3873476,1.6637032,-0.27635562
76,spell_mean_completion_ratio,0.30773628,0.1793082,0.12842807
76,achievement_completion_ratio,0.13664515,0.23822038,-0.101575226
76,donation_ratio,0.09262092,0.011416805,0.08120411
76,hero_mean_completion_ratio,0.009246842,0.033141892,-0.023895051
76,equipment_mean_completion_ratio,0.0001905851,0.022571122,-0.022380536
76,troop_mean_completion_ratio,0.12524894,0.13922732,-0.013978377
76,attack_wins,0.0,0.00031302636,-0.00031302636
76,combat_activity_total,0.0,0.00031302636,-0.00031302636
76,defense_wins,0.0,0.0,0.0
76,achievement_count,53.0,53.0,0.0
77,clan_capital_contributions,705.7598,37854.02,-37148.258
77,trophies,583.5512,156.61906,426.93213
77,best_trophies,681.99603,525.2875,156.70856
77,war_stars,3.3267717,13.777096,-10.450324
77,donations_received,0.0,9.601413,-9.601413
77,donation_balance,0.0,-7.9788337,7.9788337
77,exp_level,23.456694,28.68128,-5.2245865
77,hero_mean_level,0.0,3.4917042,-3.4917042
77,donations,0.0,1.6225797,-1.6225797
77,equipment_count,0.0,1.2496161,-1.2496161
77,spell_count,1.0433071,2.2023342,-1.1590271
77,troop_count,26.67323,27.636755,-0.9635258
77,builder_hall_level,3.0,2.12609,0.87390995
77,hero_count,0.0,0.71282065,-0.71282065
77,town_hall_level,5.2637796,5.940212,-0.67643213
77,progression_ratio_trophies,0.86369675,0.2912131,0.57248366
77,equipment_mean_level,0.0,0.42978108,-0.42978108
77,builder_progression_ratio,0.986725,0.67678493,0.30994004
77,troop_mean_level,1.4732933,1.6637032,-0.1904099
77,spell_mean_level,2.0,1.9587318,0.04126823
77,hero_mean_completion_ratio,0.0,0.033141892,-0.033141892
77,spell_mean_completion_ratio,0.1540102,0.1793082,-0.025298
77,equipment_mean_completion_ratio,0.0,0.022571122,-0.022571122
77,troop_mean_completion_ratio,0.12298887,0.13922732,-0.016238444
77,donation_ratio,0.0,0.011416805,-0.011416805
77,achievement_completion_ratio,0.24629514,0.23822038,0.00807476
77,attack_wins,0.0,0.00031302636,-0.00031302636
77,combat_activity_total,0.0,0.00031302636,-0.00031302636
77,defense_wins,0.0,0.0,0.0
77,achievement_count,53.0,53.0,0.0
78,clan_capital_contributions,381.84167,37854.02,-37472.18
78,best_trophies,744.85834,525.2875,219.57086
78,trophies,0.0,156.61906,-156.61906
78,donations_received,0.0,9.601413,-9.601413
78,war_stars,5.241667,13.777096,-8.535429
78,donation_balance,0.0,-7.9788337,7.9788337
78,hero_mean_level,0.0,3.4917042,-3.4917042
78,spell_mean_level,4.0,1.9587318,2.0412683
78,builder_hall_level,4.0,2.12609,1.87391
78,exp_level,30.5,28.68128,1.8187199
78,donations,0.0,1.6225797,-1.6225797
78,equipment_count,0.0,1.2496161,-1.2496161
78,spell_count,1.0,2.2023342,-1.2023342
78,troop_count,28.666666,27.636755,1.029911
78,hero_count,0.0,0.71282065,-0.71282065
78,town_hall_level,5.45,5.940212,-0.49021196
78,equipment_mean_level,0.0,0.42978108,-0.42978108
78,builder_progression_ratio,0.9734083,0.67678493,0.29662335
78,progression_ratio_trophies,0.0,0.2912131,-0.2912131
78,troop_mean_level,1.8061527,1.6637032,0.1424495
78,spell_mean_completion_ratio,0.30769235,0.1793082,0.12838414
78,achievement_completion_ratio,0.27327946,0.23822038,0.03505908
78,hero_mean_completion_ratio,0.0,0.033141892,-0.033141892
78,equipment_mean_completion_ratio,0.0,0.022571122,-0.022571122
78,donation_ratio,0.0,0.011416805,-0.011416805
78,attack_wins,0.0,0.00031302636,-0.00031302636
78,combat_activity_total,0.0,0.00031302636,-0.00031302636
78,troop_mean_completion_ratio,0.13950326,0.13922732,0.0002759397
78,defense_wins,0.0,0.0,0.0
78,achievement_count,53.0,53.0,0.0
79,clan_capital_contributions,1.2080891e+06,37854.02,1.1702351e+06
79,trophies,0.0,156.61906,-156.61906
79,best_trophies,495.78226,525.2875,-29.505219
79,war_stars,4.112903,13.777096,-9.664192
79,donations_received,0.0,9.601413,-9.601413
79,donation_balance,0.0,-7.9788337,7.9788337
79,equipment_count,5.032258,1.2496161,3.782642
79,town_hall_level,8.959678,5.940212,3.019466
79,hero_mean_level,1.0,3.4917042,-2.4917042
79,troop_count,25.693548,27.636755,-1.9432068
79,donations,0.0,1.6225797,-1.6225797
79,hero_count,2.0,0.71282065,1.2871794
79,exp_level,29.508064,28.68128,0.82678413
79,spell_count,3.0,2.2023342,0.79766583
79,spell_mean_level,2.6666663,1.9587318,0.7079345
79,equipment_mean_level,1.0,0.42978108,0.5702189
79,builder_progression_ratio,1.0,0.67678493,0.32321507
79,progression_ratio_trophies,0.0,0.2912131,-0.2912131
79,troop_mean_level,1.5352278,1.6637032,-0.12847543
79,builder_hall_level,2.0,2.12609,-0.12609005
79,spell_mean_completion_ratio,0.21367522,0.1793082,0.03436701
79,equipment_mean_completion_ratio,0.055455998,0.022571122,0.032884873
79,hero_mean_completion_ratio,0.009090909,0.033141892,-0.024050985
79,achievement_completion_ratio,0.21911488,0.23822038,-0.019105494
79,donation_ratio,0.0,0.011416805,-0.011416805
79,troop_mean_completion_ratio,0.13473113,0.13922732,-0.004496187
79,attack_wins,0.0,0.00031302636,-0.00031302636
79,combat_activity_total,0.0,0.00031302636,-0.00031302636
79,defense_wins,0.0,0.0,0.0
79,achievement_count,53.0,53.0,0.0
80,clan_capital_contributions,1.2660776e+06,37854.02,1.2282236e+06
80,trophies,0.0,156.61906,-156.61906
80,best_trophies,427.707,525.2875,-97.580475
80,war_stars,0.0,13.777096,-13.777096
80,donations_received,0.0,9.601413,-9.601413
80,donation_balance,0.0,-7.9788337,7.9788337
80,troop_count,21.808918,27.636755,-5.827837
80,exp_level,23.242039,28.68128,-5.4392414
80,hero_mean_level,0.0,3.4917042,-3.4917042
80,builder_hall_level,0.0,2.12609,-2.12609
80,donations,0.0,1.6225797,-1.6225797
80,equipment_count,0.0,1.2496161,-1.2496161
80,spell_mean_level,3.0,1.9587318,1.0412682
80,hero_count,0.0,0.71282065,-0.71282065
80,builder_progression_ratio,0.0,0.67678493,-0.67678493
80,equipment_mean_level,0.0,0.42978108,-0.42978108
80,troop_mean_level,1.2985896,1.6637032,-0.36511362
80,town_hall_level,6.2611465,5.940212,0.32093477
80,progression_ratio_trophies,0.0,0.2912131,-0.2912131
80,spell_count,1.9745224,2.2023342,-0.22781181
80,achievement_completion_ratio,0.151161,0.23822038,-0.08705938
80,spell_mean_completion_ratio,0.23711823,0.1793082,0.057810023
80,hero_mean_completion_ratio,0.0,0.033141892,-0.033141892
80,equipment_mean_completion_ratio,0.0,0.022571122,-0.022571122
80,troop_mean_completion_ratio,0.12124449,0.13922732,-0.017982826
80,donation_ratio,0.0,0.011416805,-0.011416805
80,attack_wins,0.0,0.00031302636,-0.00031302636
80,combat_activity_total,0.0,0.00031302636,-0.00031302636
80,defense_wins,0.0,0.0,0.0
80,achievement_count,53.0,53.0,0.0
81,clan_capital_contributions,18547.916,37854.02,-19306.104
81,trophies,415.74683,156.61906,259.12775
81,best_trophies,480.9367,525.2875,-44.35077
81,exp_level,16.7173,28.68128,-11.96398
81,war_stars,2.1350212,13.777096,-11.642075
81,donations_received,0.021097047,9.601413,-9.580316
81,donation_balance,-0.021097047,-7.9788337,7.9577365
81,troop_count,23.054852,27.636755,-4.5819035
81,hero_mean_level,0.0,3.4917042,-3.4917042
81,builder_hall_level,0.0,2.12609,-2.12609
81,donations,0.0,1.6225797,-1.6225797
81,equipment_count,0.0,1.2496161,-1.2496161
81,spell_count,1.0590718,2.2023342,-1.1432624
81,spell_mean_level,1.0,1.9587318,-0.9587318
81,hero_count,0.0,0.71282065,-0.71282065
81,builder_progression_ratio,0.0,0.67678493,-0.67678493
81,progression_ratio_trophies,0.8870084,0.2912131,0.59579533
81,troop_mean_level,1.1642294,1.6637032,-0.4994738
81,town_hall_level,5.481013,5.940212,-0.45919895
81,equipment_mean_level,0.0,0.42978108,-0.42978108
81,spell_mean_completion_ratio,0.07711243,0.1793082,-0.10219578
81,achievement_completion_ratio,0.16084917,0.23822038,-0.07737121
81,hero_mean_completion_ratio,0.0,0.033141892,-0.033141892
81,troop_mean_completion_ratio,0.10921182,0.13922732,-0.030015498
81,equipment_mean_completion_ratio,0.0,0.022571122,-0.022571122
81,donation_ratio,0.0,0.011416805,-0.011416805
81,attack_wins,0.0,0.00031302636,-0.00031302636
81,combat_activity_total,0.0,0.00031302636,-0.00031302636
81,defense_wins,0.0,0.0,0.0
81,achievement_count,53.0,53.0,0.0
82,clan_capital_contributions,174372.69,37854.02,136518.67
82,best_trophies,3007.9614,525.2875,2482.6738
82,trophies,0.0,156.61906,-156.61906
82,exp_level,116.69231,28.68128,88.011024
82,troop_count,75.0,27.636755,47.363243
82,hero_mean_level,41.890114,3.4917042,38.39841
82,equipment_count,30.76923,1.2496161,29.519613
82,spell_count,17.0,2.2023342,14.797666
82,war_stars,0.0,13.777096,-13.777096
82,town_hall_level,18.0,5.940212,12.059788
82,donations_received,0.0,9.601413,-9.601413
82,donation_balance,0.0,-7.9788337,7.9788337
82,hero_count,7.0,0.71282065,6.2871795
82,equipment_mean_level,5.846924,0.42978108,5.417143
82,builder_hall_level,6.0,2.12609,3.87391
82,achievement_completion_ratio,3.827355,0.23822038,3.5891345
82,troop_mean_level,4.0676923,1.6637032,2.403989
82,donations,0.0,1.6225797,-1.6225797
82,spell_mean_level,2.9615386,1.9587318,1.0028068
82,hero_mean_completion_ratio,0.4870995,0.033141892,0.45395762
82,progression_ratio_trophies,0.0,0.2912131,-0.2912131
82,builder_progression_ratio,0.9636158,0.67678493,0.28683084
82,troop_mean_completion_ratio,0.3906865,0.13922732,0.25145918
82,equipment_mean_completion_ratio,0.2685044,0.022571122,0.2459333
82,spell_mean_completion_ratio,0.37817672,0.1793082,0.19886851
82,donation_ratio,0.0,0.011416805,-0.011416805
82,attack_wins,0.0,0.00031302636,-0.00031302636
82,combat_activity_total,0.0,0.00031302636,-0.00031302636
82,defense_wins,0.0,0.0,0.0
82,achievement_count,53.0,53.0,0.0
83,clan_capital_contributions,6133.3467,37854.02,-31720.672
83,best_trophies,329.0792,525.2875,-196.20828
83,trophies,0.0,156.61906,-156.61906
83,war_stars,3.3366337,13.777096,-10.440462
83,donations_received,0.23762377,9.601413,-9.363789
83,exp_level,20.712872,28.68128,-7.9684086
83,donation_balance,-0.13861386,-7.9788337,7.84022
83,hero_mean_level,0.0,3.4917042,-3.4917042
83,troop_count,25.168316,27.636755,-2.468439
83,donations,0.0990099,1.6225797,-1.5235698
83,equipment_count,0.00990099,1.2496161,-1.2397151
83,spell_mean_level,3.0,1.9587318,1.0412682
83,hero_count,0.0,0.71282065,-0.71282065
83,spell_count,1.5247525,2.2023342,-0.67758167
83,equipment_mean_level,0.00990099,0.42978108,-0.4198801
83,builder_progression_ratio,0.99545884,0.67678493,0.3186739
83,progression_ratio_trophies,0.0,0.2912131,-0.2912131
83,troop_mean_level,1.4385906,1.6637032,-0.22511256
83,builder_hall_level,2.0,2.12609,-0.12609005
83,town_hall_level,6.009901,5.940212,0.069689274
83,spell_mean_completion_ratio,0.23500647,0.1793082,0.05569826
83,achievement_completion_ratio,0.19300003,0.23822038,-0.045220345
83,hero_mean_completion_ratio,0.0,0.033141892,-0.033141892
83,equipment_mean_completion_ratio,0.00036670335,0.022571122,-0.02220442
83,troop_mean_completion_ratio,0.12707631,0.13922732,-0.012151003
83,donation_ratio,0.011001101,0.011416805,-0.0004157042
83,attack_wins,0.0,0.00031302636,-0.00031302636
83,combat_activity_total,0.0,0.00031302636,-0.00031302636
83,defense_wins,0.0,0.0,0.0
83,achievement_count,53.0,53.0,0.0
84,clan_capital_contributions,695142.5,37854.02,657288.5
84,trophies,0.0,156.61906,-156.61906
84,best_trophies,426.73438,525.2875,-98.5531
84,war_stars,4.8125,13.777096,-8.964596
84,donations_received,0.9375,9.601413,-8.663913
84,donation_balance,-0.9375,-7.9788337,7.0413337
84,exp_level,24.992188,28.68128,-3.6890926
84,hero_mean_level,1.0,3.4917042,-2.4917042
84,troop_count,25.164062,27.636755,-2.4726925
84,town_hall_level,8.0078125,5.940212,2.0676007
84,equipment_count,3.0234375,1.2496161,1.7738214
84,donations,0.0,1.6225797,-1.6225797
84,spell_count,3.0,2.2023342,0.79766583
84,spell_mean_level,2.6666667,1.9587318,0.707935
84,equipment_mean_level,1.0,0.42978108,0.5702189
84,builder_progression_ratio,1.0,0.67678493,0.32321507
84,progression_ratio_trophies,0.0,0.2912131,-0.2912131
84,hero_count,1.0,0.71282065,0.28717935
84,troop_mean_level,1.5104382,1.6637032,-0.153265
84,builder_hall_level,2.0,2.12609,-0.12609005
84,spell_mean_completion_ratio,0.21367525,0.1793082,0.03436704
84,equipment_mean_completion_ratio,0.05544706,0.022571122,0.03287594
84,achievement_completion_ratio,0.2085976,0.23822038,-0.029622778
84,hero_mean_completion_ratio,0.00909091,0.033141892,-0.024050983
84,donation_ratio,0.0,0.011416805,-0.011416805
84,troop_mean_completion_ratio,0.13331643,0.13922732,-0.0059108883
84,attack_wins,0.0,0.00031302636,-0.00031302636
84,combat_activity_total,0.0,0.00031302636,-0.00031302636
84,defense_wins,0.0,0.0,0.0
84,achievement_count,53.0,53.0,0.0
85,clan_capital_contributions,958878.2,37854.02,921024.2
85,trophies,0.0,156.61906,-156.61906
85,best_trophies,457.2976,525.2875,-67.98987
85,war_stars,0.0,13.777096,-13.777096
85,donations_received,0.0,9.601413,-9.601413
85,donation_balance,0.0,-7.9788337,7.9788337
85,troop_count,19.97619,27.636755,-7.6605644
85,exp_level,25.047619,28.68128,-3.6336613
85,hero_mean_level,1.0,3.4917042,-2.4917042
85,builder_hall_level,0.0,2.12609,-2.12609
85,donations,0.0,1.6225797,-1.6225797
85,town_hall_level,7.345238,5.940212,1.4050264
85,equipment_count,0.0,1.2496161,-1.2496161
85,spell_count,1.1309524,2.2023342,-1.0713818
85,spell_mean_level,1.0,1.9587318,-0.9587318
85,builder_progression_ratio,0.0,0.67678493,-0.67678493
85,troop_mean_level,1.0023242,1.6637032,-0.661379
85,equipment_mean_level,0.0,0.42978108,-0.42978108
85,progression_ratio_trophies,0.0,0.2912131,-0.2912131
85,hero_count,1.0,0.71282065,0.28717935
85,achievement_completion_ratio,0.11954387,0.23822038,-0.118676506
85,spell_mean_completion_ratio,0.077342786,0.1793082,-0.10196542
85,troop_mean_completion_ratio,0.09908129,0.13922732,-0.040146023
85,hero_mean_completion_ratio,0.009090908,0.033141892,-0.024050985
85,equipment_mean_completion_ratio,0.0,0.022571122,-0.022571122
85,donation_ratio,0.0,0.011416805,-0.011416805
85,attack_wins,0.0,0.00031302636,-0.00031302636
85,combat_activity_total,0.0,0.00031302636,-0.00031302636
85,defense_wins,0.0,0.0,0.0
85,achievement_count,53.0,53.0,0.0
86,clan_capital_contributions,6840.8135,37854.02,-31013.207
86,best_trophies,219.04,525.2875,-306.2475
86,trophies,0.0,156.61906,-156.61906
86,war_stars,1.6266667,13.777096,-12.150429
86,exp_level,16.593334,28.68128,-12.087946
86,donations_received,0.8333333,9.601413,-8.76808
86,donation_balance,-0.8333333,-7.9788337,7.1455
86,hero_mean_level,0.0,3.4917042,-3.4917042
86,troop_count,24.146667,27.636755,-3.4900875
86,builder_hall_level,0.0,2.12609,-2.12609
86,donations,0.0,1.6225797,-1.6225797
86,equipment_count,0.0,1.2496161,-1.2496161
86,spell_count,1.04,2.2023342,-1.1623342
86,hero_count,0.0,0.71282065,-0.71282065
86,builder_progression_ratio,0.0,0.67678493,-0.67678493
86,town_hall_level,5.3,5.940212,-0.6402116
86,equipment_mean_level,0.0,0.42978108,-0.42978108
86,troop_mean_level,1.2490342,1.6637032,-0.41466904
86,progression_ratio_trophies,0.0,0.2912131,-0.2912131
86,achievement_completion_ratio,0.1416942,0.23822038,-0.096526176
86,spell_mean_level,2.0,1.9587318,0.04126823
86,hero_mean_completion_ratio,0.0,0.033141892,-0.033141892
86,spell_mean_completion_ratio,0.15401708,0.1793082,-0.02529113
86,troop_mean_completion_ratio,0.115035295,0.13922732,-0.02419202
86,equipment_mean_completion_ratio,0.0,0.022571122,-0.022571122
86,donation_ratio,0.0,0.011416805,-0.011416805
86,attack_wins,0.0,0.00031302636,-0.00031302636
86,combat_activity_total,0.0,0.00031302636,-0.00031302636
86,defense_wins,0.0,0.0,0.0
86,achievement_count,53.0,53.0,0.0
87,clan_capital_contributions,2796.1077,37854.02,-35057.91
87,trophies,617.3038,156.61906,460.6847
87,best_trophies,726.8481,525.2875,201.56061
87,donations_received,0.0,9.601413,-9.601413
87,donation_balance,0.0,-7.9788337,7.9788337
87,war_stars,5.911392,13.777096,-7.8657036
87,hero_mean_level,0.0,3.4917042,-3.4917042
87,exp_level,26.658228,28.68128,-2.0230522
87,donations,0.0,1.6225797,-1.6225797
87,equipment_count,0.0,1.2496161,-1.2496161
87,spell_mean_level,3.0,1.9587318,1.0412682
87,builder_hall_level,3.0,2.12609,0.87390995
87,spell_count,1.4303797,2.2023342,-0.7719544
87,hero_count,0.0,0.71282065,-0.71282065
87,troop_count,26.981012,27.636755,-0.65574265
87,progression_ratio_trophies,0.8558848,0.2912131,0.5646717
87,equipment_mean_level,0.0,0.42978108,-0.42978108
87,town_hall_level,5.5822783,5.940212,-0.35793352
87,builder_progression_ratio,0.99013627,0.67678493,0.31335133
87,troop_mean_level,1.6069578,1.6637032,-0.05674541
87,spell_mean_completion_ratio,0.2338121,0.1793082,0.054503888
87,hero_mean_completion_ratio,0.0,0.033141892,-0.033141892
87,equipment_mean_completion_ratio,0.0,0.022571122,-0.022571122
87,achievement_completion_ratio,0.2596637,0.23822038,0.021443322
87,donation_ratio,0.0,0.011416805,-0.011416805
87,troop_mean_completion_ratio,0.13207689,0.13922732,-0.0071504265
87,attack_wins,0.0,0.00031302636,-0.00031302636
87,combat_activity_total,0.0,0.00031302636,-0.00031302636
87,defense_wins,0.0,0.0,0.0
87,achievement_count,53.0,53.0,0.0
88,clan_capital_contributions,1.5962774e+06,37854.02,1.5584234e+06
88,trophies,0.0,156.61906,-156.61906
88,best_trophies,553.5,525.2875,28.212524
88,war_stars,0.0,13.777096,-13.777096
88,donations_received,0.0,9.601413,-9.601413
88,donation_balance,0.0,-7.9788337,7.9788337
88,troop_count,20.0,27.636755,-7.636755
88,exp_level,24.1,28.68128,-4.5812798
88,equipment_count,5.05,1.2496161,3.800384
88,hero_mean_level,1.0,3.4917042,-2.4917042
88,town_hall_level,8.1,5.940212,2.1597886
88,donations,0.0,1.6225797,-1.6225797
88,hero_count,2.0,0.71282065,1.2871794
88,spell_mean_level,1.0,1.9587318,-0.9587318
88,equipment_mean_level,1.0,0.42978108,0.5702189
88,troop_mean_level,1.1499999,1.6637032,-0.51370335
88,builder_progression_ratio,1.0,0.67678493,0.32321507
88,progression_ratio_trophies,0.0,0.2912131,-0.2912131
88,spell_count,2.0,2.2023342,-0.20233417
88,builder_hall_level,2.0,2.12609,-0.12609005
88,spell_mean_completion_ratio,0.08012821,0.1793082,-0.09918
88,equipment_mean_completion_ratio,0.055401243,0.022571122,0.03283012
88,troop_mean_completion_ratio,0.10906192,0.13922732,-0.030165397
88,hero_mean_completion_ratio,0.00909091,0.033141892,-0.024050983
88,achievement_completion_ratio,0.2154537,0.23822038,-0.02276668
88,donation_ratio,0.0,0.011416805,-0.011416805
88,attack_wins,0.0,0.00031302636,-0.00031302636
88,combat_activity_total,0.0,0.00031302636,-0.00031302636
88,defense_wins,0.0,0.0,0.0
88,achievement_count,53.0,53.0,0.0
89,clan_capital_contributions,56379.582,37854.02,18525.562
89,best_trophies,788.6375,525.2875,263.35004
89,trophies,0.0,156.61906,-156.61906
89,war_stars,50.98125,13.777096,37.204155
89,exp_level,47.08125,28.68128,18.39997
89,hero_mean_level,13.584375,3.4917042,10.092671
89,equipment_count,5.61875,1.2496161,4.369134
89,troop_count,31.93125,27.636755,4.2944946
89,donation_balance,-12.14375,-7.9788337,-4.1649165
89,spell_count,4.98125,2.2023342,2.7789156
89,donations_received,12.275,9.601413,2.6735868
89,builder_hall_level,0.0,2.12609,-2.12609
89,town_hall_level,8.05,5.940212,2.1097884
89,spell_mean_level,3.7656243,1.9587318,1.8068925
89,equipment_mean_level,2.126756,0.42978108,1.6969749
89,donations,0.13125,1.6225797,-1.4913297
89,hero_count,2.0,0.71282065,1.2871794
89,builder_progression_ratio,0.0,0.67678493,-0.67678493
89,troop_mean_level,2.2766583,1.6637032,0.6129551
89,progression_ratio_trophies,0.0,0.2912131,-0.2912131
89,spell_mean_completion_ratio,0.38300115,0.1793082,0.20369294
89,hero_mean_completion_ratio,0.12349431,0.033141892,0.090352416
89,equipment_mean_completion_ratio,0.11139469,0.022571122,0.088823564
89,troop_mean_completion_ratio,0.18840083,0.13922732,0.04917352
89,achievement_completion_ratio,0.27233595,0.23822038,0.034115568
89,donation_ratio,0.006940608,0.011416805,-0.004476197
89,attack_wins,0.0,0.00031302636,-0.00031302636
89,combat_activity_total,0.0,0.00031302636,-0.00031302636
89,defense_wins,0.0,0.0,0.0
89,achievement_count,53.0,53.0,0.0
90,clan_capital_contributions,13322.982,37854.02,-24531.037
90,trophies,0.0,156.61906,-156.61906
90,best_trophies,512.931,525.2875,-12.356445
90,exp_level,37.448277,28.68128,8.766996
90,hero_mean_level,8.448276,3.4917042,4.9565716
90,war_stars,16.706896,13.777096,2.9298
90,troop_count,29.775862,27.636755,2.1391068
90,town_hall_level,8.0,5.940212,2.0597882
90,spell_count,4.1034484,2.2023342,1.9011142
90,equipment_count,3.0344827,1.2496161,1.7848666
90,spell_mean_level,3.2244253,1.9587318,1.2656935
90,donation_balance,-6.827586,-7.9788337,1.1512475
90,donations,2.3793104,1.6225797,0.7567307
90,equipment_mean_level,1.0172414,0.42978108,0.5874603
90,donations_received,9.206897,9.601413,-0.394516
90,builder_progression_ratio,0.9987044,0.67678493,0.32191944
90,progression_ratio_trophies,0.0,0.2912131,-0.2912131
90,hero_count,1.0,0.71282065,0.28717935
90,troop_mean_level,1.879443,1.6637032,0.21573985
90,spell_mean_completion_ratio,0.31958705,0.1793082,0.14027885
90,builder_hall_level,2.0,2.12609,-0.12609005
90,hero_mean_completion_ratio,0.0768025,0.033141892,0.043660607
90,equipment_mean_completion_ratio,0.056353766,0.022571122,0.033782646
90,troop_mean_completion_ratio,0.15797488,0.13922732,0.018747568
90,achievement_completion_ratio,0.24340242,0.23822038,0.0051820427
90,donation_ratio,0.0070602684,0.011416805,-0.0043565365
90,attack_wins,0.0,0.00031302636,-0.00031302636
90,combat_activity_total,0.0,0.00031302636,-0.00031302636
90,defense_wins,0.0,0.0,0.0
90,achievement_count,53.0,53.0,0.0
91,clan_capital_contributions,13307.617,37854.02,-24546.402
91,best_trophies,198.74467,525.2875,-326.5428
91,trophies,0.0,156.61906,-156.61906
91,exp_level,17.712767,28.68128,-10.9685135
91,donations_received,0.0,9.601413,-9.601413
91,donation_balance,0.0,-7.9788337,7.9788337
91,war_stars,6.2340426,13.777096,-7.543053
91,hero_mean_level,0.0,3.4917042,-3.4917042
91,troop_count,24.51064,27.636755,-3.1261158
91,builder_hall_level,0.0,2.12609,-2.12609
91,donations,0.0,1.6225797,-1.6225797
91,equipment_count,0.0,1.2496161,-1.2496161
91,spell_count,1.1595745,2.2023342,-1.0427597
91,spell_mean_level,3.0,1.9587318,1.0412682
91,hero_count,0.0,0.71282065,-0.71282065
91,builder_progression_ratio,0.0,0.67678493,-0.67678493
91,town_hall_level,5.3510637,5.940212,-0.58914804
91,equipment_mean_level,0.0,0.42978108,-0.42978108
91,troop_mean_level,1.3255612,1.6637032,-0.33814204
91,progression_ratio_trophies,0.0,0.2912131,-0.2912131
91,achievement_completion_ratio,0.1518827,0.23822038,-0.086337686
91,spell_mean_completion_ratio,0.23199676,0.1793082,0.052688554
91,hero_mean_completion_ratio,0.0,0.033141892,-0.033141892
91,equipment_mean_completion_ratio,0.0,0.022571122,-0.022571122
91,troop_mean_completion_ratio,0.12067635,0.13922732,-0.018550962
91,donation_ratio,0.0,0.011416805,-0.011416805
91,attack_wins,0.0,0.00031302636,-0.00031302636
91,combat_activity_total,0.0,0.00031302636,-0.00031302636
91,defense_wins,0.0,0.0,0.0
91,achievement_count,53.0,53.0,0.0
92,clan_capital_contributions,1.0592024e+06,37854.02,1.0213484e+06
92,trophies,0.0,156.61906,-156.61906
92,best_trophies,640.125,525.2875,114.837524
92,war_stars,0.041666668,13.777096,-13.735429
92,donations_received,0.0,9.601413,-9.601413
92,donation_balance,0.0,-7.9788337,7.9788337
92,exp_level,25.166666,28.68128,-3.514614
92,hero_mean_level,0.0,3.4917042,-3.4917042
92,donations,0.0,1.6225797,-1.6225797
92,spell_mean_level,3.5,1.9587318,1.5412682
92,equipment_count,0.0,1.2496161,-1.2496161
92,builder_hall_level,3.0,2.12609,0.87390995
92,hero_count,0.0,0.71282065,-0.71282065
92,equipment_mean_level,0.0,0.42978108,-0.42978108
92,builder_progression_ratio,0.970138,0.67678493,0.29335308
92,progression_ratio_trophies,0.0,0.2912131,-0.2912131
92,spell_count,2.0,2.2023342,-0.20233417
92,spell_mean_completion_ratio,0.27884614,0.1793082,0.09953794
92,town_hall_level,6.0,5.940212,0.059788227
92,achievement_completion_ratio,0.27442256,0.23822038,0.036202177
92,hero_mean_completion_ratio,0.0,0.033141892,-0.033141892
92,troop_count,27.666666,27.636755,0.029911041
92,equipment_mean_completion_ratio,0.0,0.022571122,-0.022571122
92,donation_ratio,0.0,0.011416805,-0.011416805
92,troop_mean_level,1.6739372,1.6637032,0.010233998
92,troop_mean_completion_ratio,0.1381947,0.13922732,-0.0010326207
92,attack_wins,0.0,0.00031302636,-0.00031302636
92,combat_activity_total,0.0,0.00031302636,-0.00031302636
92,defense_wins,0.0,0.0,0.0
92,achievement_count,53.0,53.0,0.0
93,clan_capital_contributions,10737.563,37854.02,-27116.457
93,trophies,634.8909,156.61906,478.27185
93,best_trophies,794.41815,525.2875,269.13068
93,donations_received,0.0,9.601413,-9.601413
93,donation_balance,0.0,-7.9788337,7.9788337
93,exp_level,35.236362,28.68128,6.5550823
93,war_stars,7.7090907,13.777096,-6.068005
93,hero_mean_level,1.5454545,3.4917042,-1.9462497
93,donations,0.0,1.6225797,-1.6225797
93,spell_mean_level,3.5,1.9587318,1.5412682
93,troop_count,29.127274,27.636755,1.4905186
93,equipment_count,0.0,1.2496161,-1.2496161
93,town_hall_level,7.018182,5.940212,1.07797
93,builder_hall_level,3.0,2.12609,0.87390995
93,progression_ratio_trophies,0.8052032,0.2912131,0.5139901
93,equipment_mean_level,0.0,0.42978108,-0.42978108
93,builder_progression_ratio,0.9911279,0.67678493,0.31434298
93,hero_count,1.0,0.71282065,0.28717935
93,spell_count,2.0,2.2023342,-0.20233417
93,spell_mean_completion_ratio,0.27884609,0.1793082,0.09953788
93,achievement_completion_ratio,0.28331184,0.23822038,0.045091465
93,troop_mean_level,1.6945817,1.6637032,0.030878544
93,equipment_mean_completion_ratio,0.0,0.022571122,-0.022571122
93,hero_mean_completion_ratio,0.014049584,0.033141892,-0.019092308
93,donation_ratio,0.0,0.011416805,-0.011416805
93,attack_wins,0.0,0.00031302636,-0.00031302636
93,combat_activity_total,0.0,0.00031302636,-0.00031302636
93,troop_mean_completion_ratio,0.1390622,0.13922732,-0.00016511977
93,defense_wins,0.0,0.0,0.0
93,achievement_count,53.0,53.0,0.0
94,clan_capital_contributions,18145.69,37854.02,-19708.33
94,trophies,0.3068182,156.61906,-156.31224
94,best_trophies,595.10986,525.2875,69.82239
94,war_stars,33.719696,13.777096,19.9426
94,exp_level,42.0,28.68128,13.31872
94,hero_mean_level,9.651515,3.4917042,6.159811
94,equipment_count,5.340909,1.2496161,4.091293
94,troop_count,31.564394,27.636755,3.927639
94,spell_count,4.8295455,2.2023342,2.6272113
94,donations_received,7.1060605,9.601413,-2.4953523
94,town_hall_level,8.049242,5.940212,2.1090302
94,donation_balance,-5.931818,-7.9788337,2.0470157
94,spell_mean_level,3.4350379,1.9587318,1.4763061
94,hero_count,2.0,0.71282065,1.2871794
94,equipment_mean_level,1.2402176,0.42978108,0.8104365
94,donations,1.1742424,1.6225797,-0.44833732
94,troop_mean_level,2.1088798,1.6637032,0.4451766
94,builder_progression_ratio,0.997566,0.67678493,0.32078105
94,progression_ratio_trophies,0.00063200487,0.2912131,-0.29058108
94,spell_mean_completion_ratio,0.34650162,0.1793082,0.16719341
94,builder_hall_level,2.0,2.12609,-0.12609005
94,hero_mean_completion_ratio,0.08774104,0.033141892,0.054599147
94,equipment_mean_completion_ratio,0.06651283,0.022571122,0.043941706
94,troop_mean_completion_ratio,0.17440963,0.13922732,0.035182312
94,achievement_completion_ratio,0.26591194,0.23822038,0.027691558
94,donation_ratio,0.019211007,0.011416805,0.0077942023
94,attack_wins,0.0,0.00031302636,-0.00031302636
94,combat_activity_total,0.0,0.00031302636,-0.00031302636
94,defense_wins,0.0,0.0,0.0
94,achievement_count,53.0,53.0,0.0
95,clan_capital_contributions,2764.0435,37854.02,-35089.977
95,best_trophies,811.7174,525.2875,286.42993
95,trophies,0.0,156.61906,-156.61906
95,donations_received,0.0,9.601413,-9.601413
95,war_stars,4.5869565,13.777096,-9.19014
95,donation_balance,0.0,-7.9788337,7.9788337
95,hero_mean_level,0.0,3.4917042,-3.4917042
95,exp_level,31.97826,28.68128,3.29698
95,builder_hall_level,4.0,2.12609,1.87391
95,donations,0.0,1.6225797,-1.6225797
95,troop_count,29.152174,27.636755,1.515419
95,equipment_count,0.0,1.2496161,-1.2496161
95,hero_count,0.0,0.71282065,-0.71282065
95,spell_mean_level,2.5,1.9587318,0.5412682
95,equipment_mean_level,0.0,0.42978108,-0.42978108
95,builder_progression_ratio,0.984939,0.67678493,0.30815405
95,progression_ratio_trophies,0.0,0.2912131,-0.2912131
95,town_hall_level,6.195652,5.940212,0.25544024
95,spell_count,2.0,2.2023342,-0.20233417
95,troop_mean_level,1.8404231,1.6637032,0.1767199
95,achievement_completion_ratio,0.28861895,0.23822038,0.050398573
95,hero_mean_completion_ratio,0.0,0.033141892,-0.033141892
95,equipment_mean_completion_ratio,0.0,0.022571122,-0.022571122
95,spell_mean_completion_ratio,0.19600056,0.1793082,0.016692355
95,donation_ratio,0.0,0.011416805,-0.011416805
95,troop_mean_completion_ratio,0.14176495,0.13922732,0.002537638
95,attack_wins,0.0,0.00031302636,-0.00031302636
95,combat_activity_total,0.0,0.00031302636,-0.00031302636
95,defense_wins,0.0,0.0,0.0
95,achievement_count,53.0,53.0,0.0
96,clan_capital_contributions,1803.2826,37854.02,-36050.74
96,best_trophies,27.304348,525.2875,-497.98312
96,trophies,0.0,156.61906,-156.61906
96,exp_level,16.3,28.68128,-12.381281
96,donations_received,20.07826,9.601413,10.476848
96,war_stars,3.7347827,13.777096,-10.042313
96,donation_balance,-17.408695,-7.9788337,-9.429861
96,troop_count,24.23913,27.636755,-3.397625
96,hero_mean_level,1.0,3.4917042,-2.4917042
96,builder_hall_level,0.0,2.12609,-2.12609
96,equipment_count,0.004347826,1.2496161,-1.2452683
96,spell_count,1.047826,2.2023342,-1.1545081
96,donations,2.6695652,1.6225797,1.0469855
96,town_hall_level,5.2217393,5.940212,-0.7184725
96,builder_progression_ratio,0.0,0.67678493,-0.67678493
96,equipment_mean_level,0.004347826,0.42978108,-0.42543325
96,troop_mean_level,1.2773981,1.6637032,-0.3863051
96,progression_ratio_trophies,0.0,0.2912131,-0.2912131
96,hero_count,1.0,0.71282065,0.28717935
96,achievement_completion_ratio,0.12741025,0.23822038,-0.11081013
96,donation_ratio,0.062286567,0.011416805,0.050869763
96,spell_mean_level,2.0,1.9587318,0.04126823
96,spell_mean_completion_ratio,0.15401341,0.1793082,-0.025294796
96,hero_mean_completion_ratio,0.009090909,0.033141892,-0.024050985
96,equipment_mean_completion_ratio,0.00016103059,0.022571122,-0.022410091
96,troop_mean_completion_ratio,0.11716386,0.13922732,-0.022063456
96,attack_wins,0.0,0.00031302636,-0.00031302636
96,combat_activity_total,0.0,0.00031302636,-0.00031302636
96,defense_wins,0.0,0.0,0.0
96,achievement_count,53.0,53.0,0.0
97,clan_capital_contributions,47864.66,37854.02,10010.641
97,best_trophies,1031.4529,525.2875,506.1654
97,trophies,0.0,156.61906,-156.61906
97,war_stars,73.50944,13.777096,59.73234
97,exp_level,60.226414,28.68128,31.545134
97,hero_mean_level,21.83648,3.4917042,18.344774
97,equipment_count,9.566038,1.2496161,8.3164215
97,troop_count,34.90566,27.636755,7.2689037
97,spell_count,9.0,2.2023342,6.7976656
97,donations,6.3018866,1.6225797,4.679307
97,donation_balance,-4.245283,-7.9788337,3.7335505
97,equipment_mean_level,3.7893991,0.42978108,3.3596182
97,town_hall_level,9.0,5.940212,3.0597882
97,hero_count,3.0,0.71282065,2.2871795
97,builder_hall_level,0.0,2.12609,-2.12609
97,spell_mean_level,3.3123684,1.9587318,1.3536366
97,troop_mean_level,2.6908193,1.6637032,1.0271161
97,donations_received,10.54717,9.601413,0.9457569
97,builder_progression_ratio,0.0,0.67678493,-0.67678493
97,progression_ratio_trophies,0.0,0.2912131,-0.2912131
97,spell_mean_completion_ratio,0.37132052,0.1793082,0.19201231
97,equipment_mean_completion_ratio,0.19358072,0.022571122,0.1710096
97,hero_mean_completion_ratio,0.20272939,0.033141892,0.1695875
97,achievement_completion_ratio,0.34806234,0.23822038,0.10984196
97,troop_mean_completion_ratio,0.22467752,0.13922732,0.0854502
97,donation_ratio,0.04391178,0.011416805,0.032494977
97,attack_wins,0.0,0.00031302636,-0.00031302636
97,combat_activity_total,0.0,0.00031302636,-0.00031302636
97,defense_wins,0.0,0.0,0.0
97,achievement_count,53.0,53.0,0.0
98,clan_capital_contributions,42769.484,37854.02,4915.465
98,trophies,0.0,156.61906,-156.61906
98,best_trophies,403.06818,525.2875,-122.2193
98,war_stars,0.0,13.777096,-13.777096
98,hero_mean_level,17.0,3.4917042,13.508296
98,donations_received,0.0,9.601413,-9.601413
98,donation_balance,0.0,-7.9788337,7.9788337
98,exp_level,33.8125,28.68128,5.13122
98,spell_count,5.0,2.2023342,2.7976658
98,troop_count,25.056818,27.636755,-2.579937
98,builder_hall_level,0.0,2.12609,-2.12609
98,town_hall_level,8.0,5.940212,2.0597882
98,equipment_count,3.034091,1.2496161,1.7844748
98,donations,0.0,1.6225797,-1.6225797
98,builder_progression_ratio,0.0,0.67678493,-0.67678493
98,equipment_mean_level,1.0,0.42978108,0.5702189
98,spell_mean_level,2.3999999,1.9587318,0.4412681
98,troop_mean_level,1.3236712,1.6637032,-0.34003198
98,progression_ratio_trophies,0.0,0.2912131,-0.2912131
98,hero_count,1.0,0.71282065,0.28717935
98,hero_mean_completion_ratio,0.15454544,0.033141892,0.121403545
98,achievement_completion_ratio,0.14951818,0.23822038,-0.0887022
98,spell_mean_completion_ratio,0.2389194,0.1793082,0.0596112
98,equipment_mean_completion_ratio,0.055397734,0.022571122,0.03282661
98,troop_mean_completion_ratio,0.120597556,0.13922732,-0.01862976
98,donation_ratio,0.0,0.011416805,-0.011416805
98,attack_wins,0.0,0.00031302636,-0.00031302636
98,combat_activity_total,0.0,0.00031302636,-0.00031302636
98,defense_wins,0.0,0.0,0.0
98,achievement_count,53.0,53.0,0.0
99,clan_capital_contributions,80494.38,37854.02,42640.363
99,best_trophies,325.30768,525.2875,-199.9798
99,trophies,0.0,156.61906,-156.61906
99,donations_received,0.0,9.601413,-9.601413
99,donation_balance,0.0,-7.9788337,7.9788337
99,war_stars,8.538462,13.777096,-5.238634
99,equipment_count,5.025641,1.2496161,3.7760248
99,town_hall_level,8.974359,5.940212,3.0341468
99,troop_count,25.205128,27.636755,-2.4316273
99,hero_mean_level,1.3205128,3.4917042,-2.1711915
99,exp_level,26.76923,28.68128,-1.9120502
99,spell_count,4.0,2.2023342,1.7976658
99,donations,0.0,1.6225797,-1.6225797
99,hero_count,2.0,0.71282065,1.2871794
99,spell_mean_level,2.7435896,1.9587318,0.78485787
99,equipment_mean_level,1.0,0.42978108,0.5702189
99,builder_progression_ratio,1.0,0.67678493,0.32321507
99,progression_ratio_trophies,0.0,0.2912131,-0.2912131
99,builder_hall_level,2.0,2.12609,-0.12609005
99,spell_mean_completion_ratio,0.2519842,0.1793082,0.072676
99,achievement_completion_ratio,0.1775776,0.23822038,-0.06064278
99,troop_mean_level,1.7241421,1.6637032,0.06043887
99,equipment_mean_completion_ratio,0.05547642,0.022571122,0.032905295
99,hero_mean_completion_ratio,0.0120046595,0.033141892,-0.021137234
99,donation_ratio,0.0,0.011416805,-0.011416805
99,troop_mean_completion_ratio,0.14973296,0.13922732,0.0105056465
99,attack_wins,0.0,0.00031302636,-0.00031302636
99,combat_activity_total,0.0,0.00031302636,-0.00031302636
99,defense_wins,0.0,0.0,0.0
99,achievement_count,53.0,53.0,0.0
100,clan_capital_contributions,1.1133015e+06,37854.02,1.0754475e+06
100,trophies,0.0,156.61906,-156.61906
100,best_trophies,542.9722,525.2875,17.684753
100,war_stars,0.0,13.777096,-13.777096
100,donations_received,0.0,9.601413,-9.601413
100,donation_balance,0.0,-7.9788337,7.9788337
100,exp_level,34.944443,28.68128,6.2631626
100,hero_mean_level,8.0,3.4917042,4.508296
100,troop_count,29.76389,27.636755,2.1271343
100,builder_hall_level,0.0,2.12609,-2.12609
100,town_hall_level,8.0,5.940212,2.0597882
100,spell_count,4.0,2.2023342,1.7976658
100,equipment_count,3.0,1.2496161,1.7503839
100,donations,0.0,1.6225797,-1.6225797
100,builder_progression_ratio,0.0,0.67678493,-0.67678493
100,equipment_mean_level,1.0,0.42978108,0.5702189
100,troop_mean_level,1.2835568,1.6637032,-0.38014638
100,progression_ratio_trophies,0.0,0.2912131,-0.2912131
100,hero_count,1.0,0.71282065,0.28717935
100,achievement_completion_ratio,0.17014174,0.23822038,-0.06807864
100,spell_mean_level,1.9027778,1.9587318,-0.05595398
100,hero_mean_completion_ratio,0.07272727,0.033141892,0.039585378
100,equipment_mean_completion_ratio,0.055555556,0.022571122,0.032984436
100,troop_mean_completion_ratio,0.1141167,0.13922732,-0.025110617
100,spell_mean_completion_ratio,0.16319445,0.1793082,-0.016113758
100,donation_ratio,0.0,0.011416805,-0.011416805
100,attack_wins,0.0,0.00031302636,-0.00031302636
100,combat_activity_total,0.0,0.00031302636,-0.00031302636
100,defense_wins,0.0,0.0,0.0
100,achievement_count,53.0,53.0,0.0
101,clan_capital_contributions,131650.0,37854.02,93795.984
101,best_trophies,2129.15,525.2875,1603.8624
101,trophies,0.0,156.61906,-156.61906
101,exp_level,110.4,28.68128,81.71872
101,war_stars,95.2,13.777096,81.4229
101,hero_mean_level,30.1,3.4917042,26.608295
101,troop_count,45.85,27.636755,18.213243
101,equipment_count,13.85,1.2496161,12.600384
101,spell_count,12.0,2.2023342,9.797666
101,donations_received,0.0,9.601413,-9.601413
101,donation_balance,0.0,-7.9788337,7.9788337
101,town_hall_level,11.0,5.940212,5.059788
101,equipment_mean_level,5.134648,0.42978108,4.704867
101,hero_count,5.0,0.71282065,4.2871795
101,builder_hall_level,6.0,2.12609,3.87391
101,troop_mean_level,4.6531887,1.6637032,2.9894855
101,spell_mean_level,4.2083335,1.9587318,2.2496018
101,donations,0.0,1.6225797,-1.6225797
101,achievement_completion_ratio,0.80889624,0.23822038,0.57067585
101,spell_mean_completion_ratio,0.49809116,0.1793082,0.31878296
101,hero_mean_completion_ratio,0.32492396,0.033141892,0.29178208
101,progression_ratio_trophies,0.0,0.2912131,-0.2912131
101,builder_progression_ratio,0.94732416,0.67678493,0.27053922
101,equipment_mean_completion_ratio,0.2769695,0.022571122,0.25439838
101,troop_mean_completion_ratio,0.33158046,0.13922732,0.19235314
101,donation_ratio,0.0,0.011416805,-0.011416805
101,attack_wins,0.0,0.00031302636,-0.00031302636
101,combat_activity_total,0.0,0.00031302636,-0.00031302636
101,defense_wins,0.0,0.0,0.0
101,achievement_count,53.0,53.0,0.0
102,clan_capital_contributions,28752.75,37854.02,-9101.27
102,best_trophies,1032.091,525.2875,506.80347
102,trophies,0.0,156.61906,-156.61906
102,war_stars,59.06818,13.777096,45.291084
102,exp_level,55.409092,28.68128,26.727812
102,hero_mean_level,19.022728,3.4917042,15.531024
102,donations_received,0.59090906,9.601413,-9.010504
102,donation_balance,0.6136364,-7.9788337,8.59247
102,troop_count,33.727272,27.636755,6.090517
102,spell_count,4.9772725,2.2023342,2.7749383
102,town_hall_level,8.022727,5.940212,2.0825152
102,equipment_count,3.0681818,1.2496161,1.8185656
102,spell_mean_level,3.7636366,1.9587318,1.8049048
102,builder_hall_level,3.0,2.12609,0.87390995
102,troop_mean_level,2.436196,1.6637032,0.7724929
102,equipment_mean_level,1.0075759,0.42978108,0.5777948
102,donations,1.2045455,1.6225797,-0.4180342
102,builder_progression_ratio,0.99233115,0.67678493,0.3155462
102,progression_ratio_trophies,0.0,0.2912131,-0.2912131
102,hero_count,1.0,0.71282065,0.28717935
102,spell_mean_completion_ratio,0.38171616,0.1793082,0.20240796
102,hero_mean_completion_ratio,0.17293388,0.033141892,0.13979198
102,achievement_completion_ratio,0.3442125,0.23822038,0.10599212
102,troop_mean_completion_ratio,0.19263963,0.13922732,0.05341232
102,donation_ratio,0.046328668,0.011416805,0.034911864
102,equipment_mean_completion_ratio,0.05566078,0.022571122,0.03308966
102,attack_wins,0.0,0.00031302636,-0.00031302636
102,combat_activity_total,0.0,0.00031302636,-0.00031302636
102,defense_wins,0.0,0.0,0.0
102,achievement_count,53.0,53.0,0.0
103,clan_capital_contributions,182840.48,37854.02,144986.47
103,best_trophies,1959.3549,525.2875,1434.0674
103,war_stars,190.87097,13.777096,177.09387
103,trophies,0.0,156.61906,-156.61906
103,exp_level,102.41936,28.68128,73.738075
103,hero_mean_level,29.825808,3.4917042,26.334103
103,troop_count,44.774193,27.636755,17.137438
103,equipment_count,16.290323,1.2496161,15.040707
103,spell_count,12.0,2.2023342,9.797666
103,equipment_mean_level,6.290915,0.42978108,5.861134
103,town_hall_level,11.0,5.940212,5.059788
103,hero_count,5.0,0.71282065,4.2871795
103,spell_mean_level,4.895161,1.9587318,2.9364295
103,builder_hall_level,5.0,2.12609,2.87391
103,troop_mean_level,4.376418,1.6637032,2.712715
103,donations_received,10.741936,9.601413,1.140523
103,donations,2.6451614,1.6225797,1.0225817
103,achievement_completion_ratio,0.7509403,0.23822038,0.5127199
103,spell_mean_completion_ratio,0.58694506,0.1793082,0.40763685
103,builder_progression_ratio,0.9817689,0.67678493,0.30498397
103,equipment_mean_completion_ratio,0.3138428,0.022571122,0.2912717
103,progression_ratio_trophies,0.0,0.2912131,-0.2912131
103,hero_mean_completion_ratio,0.30127737,0.033141892,0.2681355
103,troop_mean_completion_ratio,0.32722476,0.13922732,0.18799745
103,donation_balance,-8.096774,-7.9788337,-0.117940426
103,donation_ratio,0.039939262,0.011416805,0.028522458
103,attack_wins,0.0,0.00031302636,-0.00031302636
103,combat_activity_total,0.0,0.00031302636,-0.00031302636
103,defense_wins,0.0,0.0,0.0
103,achievement_count,53.0,53.0,0.0
104,clan_capital_contributions,67533.734,37854.02,29679.715
104,best_trophies,295.58777,525.2875,-229.6997
104,trophies,0.56734693,156.61906,-156.05171
104,exp_level,63.163265,28.68128,34.481987
104,war_stars,38.06939,13.777096,24.292294
104,troop_count,40.608162,27.636755,12.971407
104,hero_mean_level,14.8479595,3.4917042,11.356256
104,equipment_count,9.722449,1.2496161,8.472834
104,spell_count,9.008163,2.2023342,6.805829
104,donations_received,16.12653,9.601413,6.525117
104,equipment_mean_level,6.2481823,0.42978108,5.8184013
104,donation_balance,-12.502041,-7.9788337,-4.523207
104,hero_count,4.0,0.71282065,3.2871795
104,town_hall_level,9.216327,5.940212,3.276115
104,builder_hall_level,5.0,2.12609,2.87391
104,donations,3.6244898,1.6225797,2.0019102
104,troop_mean_level,3.5894876,1.6637032,1.9257843
104,spell_mean_level,3.2649996,1.9587318,1.3062679
104,equipment_mean_completion_ratio,0.32641086,0.022571122,0.30383974
104,builder_progression_ratio,0.98054177,0.67678493,0.30375683
104,progression_ratio_trophies,0.0017463072,0.2912131,-0.2894668
104,spell_mean_completion_ratio,0.36486,0.1793082,0.18555179
104,achievement_completion_ratio,0.39819524,0.23822038,0.15997486
104,hero_mean_completion_ratio,0.15129088,0.033141892,0.11814898
104,troop_mean_completion_ratio,0.255937,0.13922732,0.116709694
104,donation_ratio,0.04207271,0.011416805,0.030655906
104,attack_wins,0.0,0.00031302636,-0.00031302636
104,combat_activity_total,0.0,0.00031302636,-0.00031302636
104,defense_wins,0.0,0.0,0.0
104,achievement_count,53.0,53.0,0.0
105,clan_capital_contributions,481944.53,37854.02,444090.5
105,best_trophies,1634.7894,525.2875,1109.502
105,war_stars,247.23685,13.777096,233.45975
105,trophies,0.0,156.61906,-156.61906
105,exp_level,83.73684,28.68128,55.055557
105,troop_count,47.842106,27.636755,20.20535
105,equipment_count,13.684211,1.2496161,12.434595
105,town_hall_level,17.0,5.940212,11.059788
105,spell_count,12.105263,2.2023342,9.902928
105,donations_received,0.0,9.601413,-9.601413
105,donation_balance,0.0,-7.9788337,7.9788337
105,hero_count,5.0,0.71282065,4.2871795
105,hero_mean_level,1.0,3.4917042,-2.4917042
105,donations,0.0,1.6225797,-1.6225797
105,achievement_completion_ratio,1.678923,0.23822038,1.4407027
105,builder_hall_level,3.0,2.12609,0.87390995
105,equipment_mean_level,1.0,0.42978108,0.5702189
105,builder_progression_ratio,0.98343086,0.67678493,0.30664593
105,progression_ratio_trophies,0.0,0.2912131,-0.2912131
105,troop_mean_level,1.7469403,1.6637032,0.08323705
105,spell_mean_completion_ratio,0.2125545,0.1793082,0.033246294
105,equipment_mean_completion_ratio,0.05201607,0.022571122,0.029444946
105,troop_mean_completion_ratio,0.16262414,0.13922732,0.02339682
105,hero_mean_completion_ratio,0.011730933,0.033141892,-0.02141096
105,donation_ratio,0.0,0.011416805,-0.011416805
105,spell_mean_level,1.9479661,1.9587318,-0.010765672
105,attack_wins,0.0,0.00031302636,-0.00031302636
105,combat_activity_total,0.0,0.00031302636,-0.00031302636
105,defense_wins,0.0,0.0,0.0
105,achievement_count,53.0,53.0,0.0
106,clan_capital_contributions,894665.3,37854.02,856811.3
106,best_trophies,344.55884,525.2875,-180.72864
106,trophies,0.0,156.61906,-156.61906
106,war_stars,0.0,13.777096,-13.777096
106,exp_level,17.882353,28.68128,-10.798927
106,donations_received,0.0,9.601413,-9.601413
106,donation_balance,0.0,-7.9788337,7.9788337
106,troop_count,20.058823,27.636755,-7.5779324
106,hero_mean_level,1.0,3.4917042,-2.4917042
106,town_hall_level,7.7647057,5.940212,1.8244939
106,donations,0.0,1.6225797,-1.6225797
106,equipment_count,0.0,1.2496161,-1.2496161
106,spell_count,1.0294118,2.2023342,-1.1729224
106,spell_mean_level,1.0,1.9587318,-0.9587318
106,troop_mean_level,1.0674516,1.6637032,-0.5962516
106,equipment_mean_level,0.0,0.42978108,-0.42978108
106,builder_progression_ratio,1.0,0.67678493,0.32321507
106,progression_ratio_trophies,0.0,0.2912131,-0.2912131
106,hero_count,1.0,0.71282065,0.28717935
106,builder_hall_level,2.0,2.12609,-0.12609005
106,spell_mean_completion_ratio,0.07701735,0.1793082,-0.102290854
106,achievement_completion_ratio,0.17069003,0.23822038,-0.06753035
106,troop_mean_completion_ratio,0.10247734,0.13922732,-0.036749974
106,hero_mean_completion_ratio,0.009090908,0.033141892,-0.024050985
106,equipment_mean_completion_ratio,0.0,0.022571122,-0.022571122
106,donation_ratio,0.0,0.011416805,-0.011416805
106,attack_wins,0.0,0.00031302636,-0.00031302636
106,combat_activity_total,0.0,0.00031302636,-0.00031302636
106,defense_wins,0.0,0.0,0.0
106,achievement_count,53.0,53.0,0.0
107,clan_capital_contributions,32477.172,37854.02,-5376.8477
107,best_trophies,102.77631,525.2875,-422.51117
107,trophies,0.0,156.61906,-156.61906
107,war_stars,0.21052632,13.777096,-13.566569
107,donations_received,3.9473684,9.601413,-5.654044
107,donation_balance,-3.9473684,-7.9788337,4.0314655
107,equipment_count,5.0394735,1.2496161,3.7898574
107,hero_mean_level,6.9605265,3.4917042,3.4688222
107,troop_count,24.868422,27.636755,-2.7683334
107,spell_count,4.7105265,2.2023342,2.5081923
107,town_hall_level,8.210526,5.940212,2.2703147
107,builder_hall_level,0.0,2.12609,-2.12609
107,donations,0.0,1.6225797,-1.6225797
107,hero_count,2.0,0.71282065,1.2871794
107,builder_progression_ratio,0.0,0.67678493,-0.67678493
107,exp_level,28.092106,28.68128,-0.5891743
107,equipment_mean_level,1.0026315,0.42978108,0.57285047
107,troop_mean_level,1.2903662,1.6637032,-0.37333703
107,progression_ratio_trophies,0.0,0.2912131,-0.2912131
107,spell_mean_level,2.222368,1.9587318,0.26363623
107,achievement_completion_ratio,0.12446032,0.23822038,-0.11376006
107,spell_mean_completion_ratio,0.21309163,0.1793082,0.03378342
107,equipment_mean_completion_ratio,0.05557991,0.022571122,0.033008784
107,hero_mean_completion_ratio,0.063277505,0.033141892,0.030135613
107,troop_mean_completion_ratio,0.11747423,0.13922732,-0.021753088
107,donation_ratio,0.0,0.011416805,-0.011416805
107,attack_wins,0.0,0.00031302636,-0.00031302636
107,combat_activity_total,0.0,0.00031302636,-0.00031302636
107,defense_wins,0.0,0.0,0.0
107,achievement_count,53.0,53.0,0.0
108,clan_capital_contributions,33475.05,37854.02,-4378.9688
108,best_trophies,78.28205,525.2875,-447.00543
108,trophies,0.0,156.61906,-156.61906
108,war_stars,0.0,13.777096,-13.777096
108,donations_received,0.0,9.601413,-9.601413
108,donation_balance,0.0,-7.9788337,7.9788337
108,hero_mean_level,8.051282,3.4917042,4.559578
108,troop_count,23.97436,27.636755,-3.6623955
108,exp_level,25.384615,28.68128,-3.2966652
108,builder_hall_level,0.0,2.12609,-2.12609
108,donations,0.0,1.6225797,-1.6225797
108,town_hall_level,7.4358974,5.940212,1.4956856
108,spell_mean_level,3.3333337,1.9587318,1.374602
108,equipment_count,0.0,1.2496161,-1.2496161
108,spell_count,3.0,2.2023342,0.79766583
108,builder_progression_ratio,0.0,0.67678493,-0.67678493
108,equipment_mean_level,0.0,0.42978108,-0.42978108
108,troop_mean_level,1.3310293,1.6637032,-0.3326739
108,progression_ratio_trophies,0.0,0.2912131,-0.2912131
108,hero_count,1.0,0.71282065,0.28717935
108,spell_mean_completion_ratio,0.32875454,0.1793082,0.14944634
108,achievement_completion_ratio,0.11277886,0.23822038,-0.12544152
108,hero_mean_completion_ratio,0.07319346,0.033141892,0.04005157
108,equipment_mean_completion_ratio,0.0,0.022571122,-0.022571122
108,troop_mean_completion_ratio,0.1214266,0.13922732,-0.017800719
108,donation_ratio,0.0,0.011416805,-0.011416805
108,attack_wins,0.0,0.00031302636,-0.00031302636
108,combat_activity_total,0.0,0.00031302636,-0.00031302636
108,defense_wins,0.0,0.0,0.0
108,achievement_count,53.0,53.0,0.0
109,clan_capital_contributions,4231.1855,37854.02,-33622.836
109,best_trophies,18.2191,525.2875,-507.06836
109,trophies,0.0,156.61906,-156.61906
109,exp_level,17.5,28.68128,-11.18128
109,war_stars,3.0337079,13.777096,-10.743388
109,donations_received,17.803371,9.601413,8.201959
109,donation_balance,-15.786517,-7.9788337,-7.8076835
109,troop_count,24.5,27.636755,-3.136755
109,hero_mean_level,1.0,3.4917042,-2.4917042
109,builder_hall_level,0.0,2.12609,-2.12609
109,equipment_count,0.0,1.2496161,-1.2496161
109,spell_count,1.1011236,2.2023342,-1.1012106
109,spell_mean_level,3.0,1.9587318,1.0412682
109,town_hall_level,5.247191,5.940212,-0.6930208
109,builder_progression_ratio,0.0,0.67678493,-0.67678493
109,equipment_mean_level,0.0,0.42978108,-0.42978108
109,donations,2.016854,1.6225797,0.39427435
109,troop_mean_level,1.3123541,1.6637032,-0.35134912
109,progression_ratio_trophies,0.0,0.2912131,-0.2912131
109,hero_count,1.0,0.71282065,0.28717935
109,achievement_completion_ratio,0.12957041,0.23822038,-0.10864997
109,spell_mean_completion_ratio,0.23148948,0.1793082,0.052181274
109,donation_ratio,0.042712387,0.011416805,0.031295583
109,hero_mean_completion_ratio,0.009090909,0.033141892,-0.024050985
109,equipment_mean_completion_ratio,0.0,0.022571122,-0.022571122
109,troop_mean_completion_ratio,0.11966552,0.13922732,-0.019561797
109,attack_wins,0.0,0.00031302636,-0.00031302636
109,combat_activity_total,0.0,0.00031302636,-0.00031302636
109,defense_wins,0.0,0.0,0.0
109,achievement_count,53.0,53.0,0.0
110,clan_capital_contributions,0.0,37854.02,-37854.02
110,best_trophies,907.6875,525.2875,382.40002
110,trophies,0.0,156.61906,-156.61906
110,exp_level,50.083332,28.68128,21.402052
110,war_stars,0.0,13.777096,-13.777096
110,town_hall_level,16.0,5.940212,10.059788
110,equipment_count,11.166667,1.2496161,9.917051
110,donations_received,0.0,9.601413,-9.601413
110,donation_balance,0.0,-7.9788337,7.9788337
110,troop_count,22.0,27.636755,-5.636755
110,hero_count,5.0,0.71282065,4.2871795
110,hero_mean_level,1.0,3.4917042,-2.4917042
110,builder_hall_level,0.0,2.12609,-2.12609
110,donations,0.0,1.6225797,-1.6225797
110,spell_mean_level,1.0,1.9587318,-0.9587318
110,builder_progression_ratio,0.0,0.67678493,-0.67678493
110,equipment_mean_level,1.0,0.42978108,0.5702189
110,achievement_completion_ratio,0.5436039,0.23822038,0.3053835
110,troop_mean_level,1.3617424,1.6637032,-0.30196083
110,progression_ratio_trophies,0.0,0.2912131,-0.2912131
110,spell_count,2.0,2.2023342,-0.20233417
110,spell_mean_completion_ratio,0.0801282,0.1793082,-0.099180005
110,equipment_mean_completion_ratio,0.055298354,0.022571122,0.032727234
110,hero_mean_completion_ratio,0.011730932,0.033141892,-0.02141096
110,donation_ratio,0.0,0.011416805,-0.011416805
110,troop_mean_completion_ratio,0.12831385,0.13922732,-0.010913461
110,attack_wins,0.0,0.00031302636,-0.00031302636
110,combat_activity_total,0.0,0.00031302636,-0.00031302636
110,defense_wins,0.0,0.0,0.0
110,achievement_count,53.0,53.0,0.0
111,clan_capital_contributions,1313.6,37854.02,-36540.418
111,best_trophies,1450.08,525.2875,924.7925
111,donations_received,809.56,9.601413,799.95856
111,donations,770.6,1.6225797,768.9774
111,trophies,0.0,156.61906,-156.61906
111,exp_level,80.36,28.68128,51.67872
111,donation_balance,-38.96,-7.9788337,-30.981165
111,hero_mean_level,30.646667,3.4917042,27.154963
111,equipment_count,27.72,1.2496161,26.470383
111,troop_count,53.52,27.636755,25.883245
111,spell_count,13.08,2.2023342,10.8776655
111,town_hall_level,16.0,5.940212,10.059788
111,war_stars,22.64,13.777096,8.862904
111,equipment_mean_level,7.219471,0.42978108,6.78969
111,hero_count,6.0,0.71282065,5.2871795
111,builder_hall_level,0.0,2.12609,-2.12609
111,troop_mean_level,3.5473084,1.6637032,1.8836052
111,achievement_completion_ratio,1.219418,0.23822038,0.98119766
111,donation_ratio,0.9564344,0.011416805,0.94501764
111,builder_progression_ratio,0.0,0.67678493,-0.67678493
111,hero_mean_completion_ratio,0.37312272,0.033141892,0.33998084
111,equipment_mean_completion_ratio,0.3556957,0.022571122,0.33312458
111,spell_mean_level,2.2843957,1.9587318,0.32566392
111,progression_ratio_trophies,0.0,0.2912131,-0.2912131
111,troop_mean_completion_ratio,0.32027695,0.13922732,0.18104963
111,spell_mean_completion_ratio,0.27840838,0.1793082,0.09910017
111,attack_wins,0.0,0.00031302636,-0.00031302636
111,combat_activity_total,0.0,0.00031302636,-0.00031302636
111,defense_wins,0.0,0.0,0.0
111,achievement_count,53.0,53.0,0.0
112,clan_capital_contributions,1267.9482,37854.02,-36586.07
112,trophies,673.7241,156.61906,517.10504
112,best_trophies,813.0862,525.2875,287.7987
112,donations_received,0.0,9.601413,-9.601413
112,war_stars,5.051724,13.777096,-8.725372
112,donation_balance,0.0,-7.9788337,7.9788337
112,exp_level,33.551723,28.68128,4.8704433
112,hero_mean_level,0.0,3.4917042,-3.4917042
112,builder_hall_level,4.0,2.12609,1.87391
112,donations,0.0,1.6225797,-1.6225797
112,troop_count,29.206896,27.636755,1.5701408
112,equipment_count,0.0,1.2496161,-1.2496161
112,hero_count,0.0,0.71282065,-0.71282065
112,spell_mean_level,2.5,1.9587318,0.5412682
112,progression_ratio_trophies,0.83180654,0.2912131,0.54059345
112,equipment_mean_level,0.0,0.42978108,-0.42978108
112,builder_progression_ratio,0.9839951,0.67678493,0.30721015
112,troop_mean_level,1.937251,1.6637032,0.27354777
112,spell_count,2.0,2.2023342,-0.20233417
112,town_hall_level,6.0172415,5.940212,0.077029705
112,achievement_completion_ratio,0.29060966,0.23822038,0.05238928
112,hero_mean_completion_ratio,0.0,0.033141892,-0.033141892
112,equipment_mean_completion_ratio,0.0,0.022571122,-0.022571122
112,spell_mean_completion_ratio,0.19606543,0.1793082,0.01675722
112,donation_ratio,0.0,0.011416805,-0.011416805
112,troop_mean_completion_ratio,0.14703836,0.13922732,0.0078110397
112,attack_wins,0.0,0.00031302636,-0.00031302636
112,combat_activity_total,0.0,0.00031302636,-0.00031302636
112,defense_wins,0.0,0.0,0.0
112,achievement_count,53.0,53.0,0.0
113,clan_capital_contributions,19559.371,37854.02,-18294.648
113,best_trophies,1137.5555,525.2875,612.26807
113,trophies,0.0,156.61906,-156.61906
113,exp_level,59.88889,28.68128,31.20761
113,donation_balance,-37.666668,-7.9788337,-29.687834
113,donations_received,37.666668,9.601413,28.065254
113,war_stars,25.703703,13.777096,11.926607
113,equipment_count,12.148149,1.2496161,10.898533
113,town_hall_level,16.0,5.940212,10.059788
113,troop_count,34.48148,27.636755,6.8447247
113,hero_count,5.0,0.71282065,4.2871795
113,equipment_mean_level,3.6405504,0.42978108,3.2107692
113,hero_mean_level,5.851852,3.4917042,2.3601477
113,builder_hall_level,0.0,2.12609,-2.12609
113,donations,0.0,1.6225797,-1.6225797
113,spell_count,3.3703704,2.2023342,1.1680362
113,builder_progression_ratio,0.0,0.67678493,-0.67678493
113,achievement_completion_ratio,0.6026955,0.23822038,0.36447513
113,spell_mean_level,2.2592592,1.9587318,0.30052745
113,progression_ratio_trophies,0.0,0.2912131,-0.2912131
113,equipment_mean_completion_ratio,0.18649098,0.022571122,0.16391987
113,hero_mean_completion_ratio,0.06820548,0.033141892,0.03506359
113,troop_mean_completion_ratio,0.15263003,0.13922732,0.013402715
113,spell_mean_completion_ratio,0.19167458,0.1793082,0.012366369
113,donation_ratio,0.0,0.011416805,-0.011416805
113,troop_mean_level,1.6542174,1.6637032,-0.009485841
113,attack_wins,0.0,0.00031302636,-0.00031302636
113,combat_activity_total,0.0,0.00031302636,-0.00031302636
113,defense_wins,0.0,0.0,0.0
113,achievement_count,53.0,53.0,0.0
114,clan_capital_contributions,192956.27,37854.02,155102.25
114,best_trophies,1301.3667,525.2875,776.0792
114,donations,216.9,1.6225797,215.27742
114,donations_received,218.1,9.601413,208.4986
114,trophies,0.0,156.61906,-156.61906
114,exp_level,133.3,28.68128,104.61872
114,troop_count,77.13333,27.636755,49.496574
114,equipment_count,30.366667,1.2496161,29.11705
114,war_stars,31.566668,13.777096,17.789572
114,hero_mean_level,17.708334,3.4917042,14.21663
114,spell_count,16.133333,2.2023342,13.930999
114,town_hall_level,18.0,5.940212,12.059788
114,builder_hall_level,10.0,2.12609,7.87391
114,hero_count,8.0,0.71282065,7.2871795
114,equipment_mean_level,7.325824,0.42978108,6.896043
114,donation_balance,-1.2,-7.9788337,6.7788334
114,achievement_completion_ratio,2.5566661,0.23822038,2.3184457
114,troop_mean_level,3.1075678,1.6637032,1.4438646
114,donation_ratio,0.9990619,0.011416805,0.9876451
114,spell_mean_level,2.3368871,1.9587318,0.37815535
114,equipment_mean_completion_ratio,0.36207125,0.022571122,0.33950013
114,progression_ratio_trophies,0.0,0.2912131,-0.2912131
114,hero_mean_completion_ratio,0.30321977,0.033141892,0.27007788
114,builder_progression_ratio,0.5086287,0.67678493,-0.1681562
114,troop_mean_completion_ratio,0.27068266,0.13922732,0.13145535
114,spell_mean_completion_ratio,0.28845945,0.1793082,0.109151244
114,attack_wins,0.0,0.00031302636,-0.00031302636
114,combat_activity_total,0.0,0.00031302636,-0.00031302636
114,defense_wins,0.0,0.0,0.0
114,achievement_count,53.0,53.0,0.0
115,clan_capital_contributions,0.0,37854.02,-37854.02
115,donation_balance,-2632.32,-7.9788337,-2624.3413
115,donations_received,2632.32,9.601413,2622.7188
115,trophies,0.0,156.61906,-156.61906
115,best_trophies,468.24,525.2875,-57.047485
115,war_stars,0.0,13.777096,-13.777096
115,exp_level,39.52,28.68128,10.83872
115,equipment_count,9.04,1.2496161,7.790384
115,town_hall_level,13.0,5.940212,7.059788
115,troop_count,31.36,27.636755,3.7232456
115,hero_count,4.0,0.71282065,3.2871795
115,hero_mean_level,1.0,3.4917042,-2.4917042
115,builder_hall_level,0.0,2.12609,-2.12609
115,spell_mean_level,4.0,1.9587318,2.0412683
115,donations,0.0,1.6225797,-1.6225797
115,builder_progression_ratio,0.0,0.67678493,-0.67678493
115,equipment_mean_level,1.0,0.42978108,0.5702189
115,troop_mean_level,1.2462903,1.6637032,-0.41741288
115,progression_ratio_trophies,0.0,0.2912131,-0.2912131
115,spell_count,2.0,2.2023342,-0.20233417
115,spell_mean_completion_ratio,0.31089744,0.1793082,0.13158923
115,achievement_completion_ratio,0.3179804,0.23822038,0.07976003
115,equipment_mean_completion_ratio,0.055481482,0.022571122,0.032910362
115,troop_mean_completion_ratio,0.11348834,0.13922732,-0.025738977
115,hero_mean_completion_ratio,0.010118211,0.033141892,-0.023023682
115,donation_ratio,0.0,0.011416805,-0.011416805
115,attack_wins,0.0,0.00031302636,-0.00031302636
115,combat_activity_total,0.0,0.00031302636,-0.00031302636
115,defense_wins,0.0,0.0,0.0
115,achievement_count,53.0,53.0,0.0
116,clan_capital_contributions,0.0,37854.02,-37854.02
116,best_trophies,803.1778,525.2875,277.89032
116,trophies,0.0,156.61906,-156.61906
116,exp_level,53.555557,28.68128,24.874277
116,war_stars,0.0,13.777096,-13.777096
116,equipment_count,11.4,1.2496161,10.150383
116,town_hall_level,16.0,5.940212,10.059788
116,donations_received,0.0,9.601413,-9.601413
116,donation_balance,0.0,-7.9788337,7.9788337
116,troop_count,33.355556,27.636755,5.7188015
116,hero_count,5.0,0.71282065,4.2871795
116,spell_mean_level,5.0,1.9587318,3.0412683
116,hero_mean_level,1.0,3.4917042,-2.4917042
116,builder_hall_level,0.0,2.12609,-2.12609
116,donations,0.0,1.6225797,-1.6225797
116,builder_progression_ratio,0.0,0.67678493,-0.67678493
116,equipment_mean_level,1.0,0.42978108,0.5702189
116,troop_mean_level,1.2445345,1.6637032,-0.4191687
116,progression_ratio_trophies,0.0,0.2912131,-0.2912131
116,achievement_completion_ratio,0.5079381,0.23822038,0.2697177
116,spell_mean_completion_ratio,0.38782057,0.1793082,0.20851237
116,spell_count,2.0,2.2023342,-0.20233417
116,equipment_mean_completion_ratio,0.055022683,0.022571122,0.032451563
116,troop_mean_completion_ratio,0.11267406,0.13922732,-0.026553258
116,hero_mean_completion_ratio,0.011730931,0.033141892,-0.02141096
116,donation_ratio,0.0,0.011416805,-0.011416805
116,attack_wins,0.0,0.00031302636,-0.00031302636
116,combat_activity_total,0.0,0.00031302636,-0.00031302636
116,defense_wins,0.0,0.0,0.0
116,achievement_count,53.0,53.0,0.0
117,clan_capital_contributions,0.0,37854.02,-37854.02
117,donation_balance,-13049.9,-7.9788337,-13041.922
117,donations_received,13049.9,9.601413,13040.299
117,best_trophies,109.15,525.2875,-416.13748
117,trophies,0.0,156.61906,-156.61906
117,war_stars,0.0,13.777096,-13.777096
117,equipment_count,9.1,1.2496161,7.850384
117,exp_level,36.2,28.68128,7.5187206
117,town_hall_level,12.0,5.940212,6.059788
117,hero_count,4.0,0.71282065,3.2871795
117,hero_mean_level,1.0,3.4917042,-2.4917042
117,builder_hall_level,0.0,2.12609,-2.12609
117,donations,0.0,1.6225797,-1.6225797
117,troop_count,26.9,27.636755,-0.7367554
117,builder_progression_ratio,0.0,0.67678493,-0.67678493
117,equipment_mean_level,1.0,0.42978108,0.5702189
117,spell_mean_level,2.5083334,1.9587318,0.5496017
117,progression_ratio_trophies,0.0,0.2912131,-0.2912131
117,troop_mean_level,1.8866098,1.6637032,0.22290659
117,spell_count,2.05,2.2023342,-0.15233421
117,equipment_mean_completion_ratio,0.05537037,0.022571122,0.03279925
117,troop_mean_completion_ratio,0.16331102,0.13922732,0.024083704
117,hero_mean_completion_ratio,0.010118211,0.033141892,-0.023023682
117,achievement_completion_ratio,0.25912696,0.23822038,0.020906582
117,spell_mean_completion_ratio,0.19642094,0.1793082,0.017112732
117,donation_ratio,0.0,0.011416805,-0.011416805
117,attack_wins,0.0,0.00031302636,-0.00031302636
117,combat_activity_total,0.0,0.00031302636,-0.00031302636
117,defense_wins,0.0,0.0,0.0
117,achievement_count,53.0,53.0,0.0
118,clan_capital_contributions,71152.52,37854.02,33298.504
118,best_trophies,207.85715,525.2875,-317.43033
118,trophies,0.0,156.61906,-156.61906
118,donation_balance,1.2380953,-7.9788337,9.2169285
118,donations_received,0.71428573,9.601413,-8.887127
118,war_stars,7.8095236,13.777096,-5.967572
118,exp_level,23.190475,28.68128,-5.4908047
118,hero_mean_level,1.0,3.4917042,-2.4917042
118,spell_mean_level,4.0,1.9587318,2.0412683
118,troop_count,26.380953,27.636755,-1.2558022
118,equipment_count,0.0,1.2496161,-1.2496161
118,spell_count,1.0,2.2023342,-1.2023342
118,town_hall_level,6.6190476,5.940212,0.67883587
118,builder_progression_ratio,0.0,0.67678493,-0.67678493
118,equipment_mean_level,0.0,0.42978108,-0.42978108
118,donations,1.9523809,1.6225797,0.3298012
118,progression_ratio_trophies,0.0,0.2912131,-0.2912131
118,hero_count,1.0,0.71282065,0.28717935
118,troop_mean_level,1.4042498,1.6637032,-0.25945342
118,spell_mean_completion_ratio,0.30769238,0.1793082,0.12838417
118,builder_hall_level,2.0,2.12609,-0.12609005
118,achievement_completion_ratio,0.18663332,0.23822038,-0.05158706
118,hero_mean_completion_ratio,0.009090911,0.033141892,-0.02405098
118,equipment_mean_completion_ratio,0.0,0.022571122,-0.022571122
118,troop_mean_completion_ratio,0.12549286,0.13922732,-0.01373446
118,donation_ratio,0.0,0.011416805,-0.011416805
118,attack_wins,0.0,0.00031302636,-0.00031302636
118,combat_activity_total,0.0,0.00031302636,-0.00031302636
118,defense_wins,0.0,0.0,0.0
118,achievement_count,53.0,53.0,0.0
119,clan_capital_contributions,313.55103,37854.02,-37540.47
119,best_trophies,0.5714286,525.2875,-524.71606
119,trophies,0.0,156.61906,-156.61906
119,war_stars,0.3265306,13.777096,-13.450565
119,troop_count,20.265306,27.636755,-7.3714485
119,equipment_count,5.285714,1.2496161,4.036098
119,donations_received,5.6734695,9.601413,-3.9279432
119,town_hall_level,9.0,5.940212,3.0597882
119,exp_level,25.897959,28.68128,-2.7833214
119,hero_mean_level,1.0,3.4917042,-2.4917042
119,donation_balance,-5.6734695,-7.9788337,2.3053641
119,builder_hall_level,0.0,2.12609,-2.12609
119,donations,0.0,1.6225797,-1.6225797
119,hero_count,2.0,0.71282065,1.2871794
119,spell_mean_level,1.0,1.9587318,-0.9587318
119,builder_progression_ratio,0.0,0.67678493,-0.67678493
119,equipment_mean_level,1.0136055,0.42978108,0.5838244
119,troop_mean_level,1.2191262,1.6637032,-0.44457698
119,progression_ratio_trophies,0.0,0.2912131,-0.2912131
119,spell_count,2.0,2.2023342,-0.20233417
119,spell_mean_completion_ratio,0.0801282,0.1793082,-0.099180005
119,achievement_completion_ratio,0.14844216,0.23822038,-0.089778215
119,equipment_mean_completion_ratio,0.055195622,0.022571122,0.032624498
119,hero_mean_completion_ratio,0.009090908,0.033141892,-0.024050985
119,troop_mean_completion_ratio,0.11547,0.13922732,-0.023757316
119,donation_ratio,0.0,0.011416805,-0.011416805
119,attack_wins,0.0,0.00031302636,-0.00031302636
119,combat_activity_total,0.0,0.00031302636,-0.00031302636
119,defense_wins,0.0,0.0,0.0
119,achievement_count,53.0,53.0,0.0
120,clan_capital_contributions,25652.2,37854.02,-12201.82
120,best_trophies,274.13333,525.2875,-251.15414
120,trophies,0.93333334,156.61906,-155.68573
120,exp_level,54.8,28.68128,26.11872
120,war_stars,37.733334,13.777096,23.956238
120,hero_mean_level,16.51111,3.4917042,13.019406
120,troop_count,38.8,27.636755,11.163244
120,equipment_count,8.733334,1.2496161,7.4837174
120,spell_count,9.0,2.2023342,6.7976656
120,equipment_mean_level,6.766667,0.42978108,6.336886
120,town_hall_level,9.0,5.940212,3.0597882
120,hero_count,3.0,0.71282065,2.2871795
120,builder_hall_level,4.0,2.12609,1.87391
120,troop_mean_level,2.9708793,1.6637032,1.3071761
120,spell_mean_level,3.1999998,1.9587318,1.241268
120,donations,2.3333333,1.6225797,0.71075356
120,donations_received,10.266666,9.601413,0.66525364
120,equipment_mean_completion_ratio,0.36728394,0.022571122,0.34471282
120,builder_progression_ratio,0.9886436,0.67678493,0.31185865
120,progression_ratio_trophies,0.0037483268,0.2912131,-0.28746477
120,spell_mean_completion_ratio,0.35531542,0.1793082,0.17600721
120,achievement_completion_ratio,0.3625075,0.23822038,0.12428711
120,hero_mean_completion_ratio,0.15402444,0.033141892,0.12088254
120,troop_mean_completion_ratio,0.2263597,0.13922732,0.08713238
120,donation_ratio,0.07777777,0.011416805,0.066360965
120,donation_balance,-7.9333334,-7.9788337,0.04550028
120,attack_wins,0.0,0.00031302636,-0.00031302636
120,combat_activity_total,0.0,0.00031302636,-0.00031302636
120,defense_wins,0.0,0.0,0.0
120,achievement_count,53.0,53.0,0.0
121,clan_capital_contributions,113390.52,37854.02,75536.5
121,donation_balance,-2343.7144,-7.9788337,-2335.7356
121,donations_received,2343.7144,9.601413,2334.113
121,best_trophies,0.0,525.2875,-525.2875
121,trophies,0.0,156.61906,-156.61906
121,exp_level,45.904762,28.68128,17.223482
121,war_stars,0.0,13.777096,-13.777096
121,equipment_count,11.190476,1.2496161,9.940861
121,town_hall_level,15.0,5.940212,9.059788
121,hero_count,5.0,0.71282065,4.2871795
121,troop_count,24.47619,27.636755,-3.1605644
121,hero_mean_level,1.0,3.4917042,-2.4917042
121,builder_hall_level,0.0,2.12609,-2.12609
121,donations,0.0,1.6225797,-1.6225797
121,builder_progression_ratio,0.0,0.67678493,-0.67678493
121,equipment_mean_level,1.0,0.42978108,0.5702189
121,spell_mean_level,2.5,1.9587318,0.5412682
121,troop_mean_level,2.1351588,1.6637032,0.47145557
121,progression_ratio_trophies,0.0,0.2912131,-0.2912131
121,spell_count,2.0,2.2023342,-0.20233417
121,achievement_completion_ratio,0.42098373,0.23822038,0.18276335
121,troop_mean_completion_ratio,0.181235,0.13922732,0.042007685
121,equipment_mean_completion_ratio,0.055261612,0.022571122,0.032690488
121,hero_mean_completion_ratio,0.011730934,0.033141892,-0.021410959
121,spell_mean_completion_ratio,0.19551282,0.1793082,0.01620461
121,donation_ratio,0.0,0.011416805,-0.011416805
121,attack_wins,0.0,0.00031302636,-0.00031302636
121,combat_activity_total,0.0,0.00031302636,-0.00031302636
121,defense_wins,0.0,0.0,0.0
121,achievement_count,53.0,53.0,0.0
122,clan_capital_contributions,714.17645,37854.02,-37139.844
122,best_trophies,223.11765,525.2875,-302.16983
122,trophies,0.0,156.61906,-156.61906
122,war_stars,2.5294118,13.777096,-11.2476845
122,donations_received,0.0,9.601413,-9.601413
122,donation_balance,0.0,-7.9788337,7.9788337
122,exp_level,21.17647,28.68128,-7.5048103
122,hero_mean_level,0.0,3.4917042,-3.4917042
122,troop_count,25.205883,27.636755,-2.430872
122,donations,0.0,1.6225797,-1.6225797
122,equipment_count,0.05882353,1.2496161,-1.1907926
122,hero_count,0.0,0.71282065,-0.71282065
122,spell_mean_level,1.5,1.9587318,-0.45873177
122,equipment_mean_level,0.05882353,0.42978108,-0.37095755
122,builder_progression_ratio,0.99574405,0.67678493,0.31895912
122,troop_mean_level,1.3620868,1.6637032,-0.30161643
122,progression_ratio_trophies,0.0,0.2912131,-0.2912131
122,spell_count,2.0,2.2023342,-0.20233417
122,town_hall_level,6.117647,5.940212,0.1774354
122,builder_hall_level,2.0,2.12609,-0.12609005
122,spell_mean_completion_ratio,0.11877827,0.1793082,-0.060529932
122,achievement_completion_ratio,0.1796666,0.23822038,-0.058553785
122,hero_mean_completion_ratio,0.0,0.033141892,-0.033141892
122,equipment_mean_completion_ratio,0.0021786492,0.022571122,-0.020392474
122,troop_mean_completion_ratio,0.121488065,0.13922732,-0.017739251
122,donation_ratio,0.0,0.011416805,-0.011416805
122,attack_wins,0.0,0.00031302636,-0.00031302636
122,combat_activity_total,0.0,0.00031302636,-0.00031302636
122,defense_wins,0.0,0.0,0.0
122,achievement_count,53.0,53.0,0.0
123,clan_capital_contributions,12295.64,37854.02,-25558.379
123,trophies,0.0,156.61906,-156.61906
123,best_trophies,406.4,525.2875,-118.88748
123,donations_received,0.0,9.601413,-9.601413
123,donation_balance,0.0,-7.9788337,7.9788337
123,war_stars,18.76,13.777096,4.9829044
123,exp_level,24.12,28.68128,-4.5612793
123,hero_mean_level,0.0,3.4917042,-3.4917042
123,troop_count,25.24,27.636755,-2.3967552
123,builder_hall_level,0.0,2.12609,-2.12609
123,donations,0.0,1.6225797,-1.6225797
123,equipment_count,0.04,1.2496161,-1.2096162
123,hero_count,0.0,0.71282065,-0.71282065
123,builder_progression_ratio,0.0,0.67678493,-0.67678493
123,spell_mean_level,2.5,1.9587318,0.5412682
123,equipment_mean_level,0.04,0.42978108,-0.3897811
123,progression_ratio_trophies,0.0,0.2912131,-0.2912131
123,troop_mean_level,1.4376512,1.6637032,-0.22605205
123,spell_count,2.0,2.2023342,-0.20233417
123,achievement_completion_ratio,0.1733673,0.23822038,-0.06485307
123,town_hall_level,6.0,5.940212,0.059788227
123,hero_mean_completion_ratio,0.0,0.033141892,-0.033141892
123,equipment_mean_completion_ratio,0.0014814815,0.022571122,-0.021089641
123,spell_mean_completion_ratio,0.19576924,0.1793082,0.01646103
123,donation_ratio,0.0,0.011416805,-0.011416805
123,troop_mean_completion_ratio,0.12897125,0.13922732,-0.010256067
123,attack_wins,0.0,0.00031302636,-0.00031302636
123,combat_activity_total,0.0,0.00031302636,-0.00031302636
123,defense_wins,0.0,0.0,0.0
123,achievement_count,53.0,53.0,0.0
124,clan_capital_contributions,2148.7073,37854.02,-35705.312
124,trophies,619.3415,156.61906,462.7224
124,best_trophies,693.3171,525.2875,168.0296
124,war_stars,3.390244,13.777096,-10.386852
124,donations_received,0.0,9.601413,-9.601413
124,donation_balance,0.0,-7.9788337,7.9788337
124,hero_mean_level,0.0,3.4917042,-3.4917042
124,donations,0.0,1.6225797,-1.6225797
124,equipment_count,0.0,1.2496161,-1.2496161
124,builder_hall_level,3.0,2.12609,0.87390995
124,hero_count,0.0,0.71282065,-0.71282065
124,progression_ratio_trophies,0.8951514,0.2912131,0.6039383
124,exp_level,28.195122,28.68128,-0.48615837
124,spell_mean_level,1.5,1.9587318,-0.45873177
124,equipment_mean_level,0.0,0.42978108,-0.42978108
124,builder_progression_ratio,0.99369144,0.67678493,0.3169065
124,spell_count,2.0,2.2023342,-0.20233417
124,troop_count,27.463415,27.636755,-0.17333984
124,town_hall_level,6.0731707,5.940212,0.13295889
124,troop_mean_level,1.5544124,1.6637032,-0.10929084
124,spell_mean_completion_ratio,0.11898062,0.1793082,-0.06032759
124,hero_mean_completion_ratio,0.0,0.033141892,-0.033141892
124,achievement_completion_ratio,0.2692287,0.23822038,0.031008318
124,equipment_mean_completion_ratio,0.0,0.022571122,-0.022571122
124,donation_ratio,0.0,0.011416805,-0.011416805
124,troop_mean_completion_ratio,0.12896627,0.13922732,-0.010261044
124,attack_wins,0.0,0.00031302636,-0.00031302636
124,combat_activity_total,0.0,0.00031302636,-0.00031302636
124,defense_wins,0.0,0.0,0.0
124,achievement_count,53.0,53.0,0.0
125,clan_capital_contributions,26330.584,37854.02,-11523.436
125,trophies,630.8889,156.61906,474.26984
125,best_trophies,781.05554,525.2875,255.76807
125,exp_level,41.444443,28.68128,12.763163
125,donations_received,0.0,9.601413,-9.601413
125,war_stars,22.416666,13.777096,8.63957
125,donation_balance,0.0,-7.9788337,7.9788337
125,hero_mean_level,8.083333,3.4917042,4.591629
125,builder_hall_level,0.0,2.12609,-2.12609
125,spell_mean_level,4.0,1.9587318,2.0412683
125,donations,0.0,1.6225797,-1.6225797
125,equipment_count,0.0,1.2496161,-1.2496161
125,town_hall_level,7.0277777,5.940212,1.0875659
125,troop_count,28.722221,27.636755,1.0854664
125,spell_count,3.0,2.2023342,0.79766583
125,builder_progression_ratio,0.0,0.67678493,-0.67678493
125,progression_ratio_trophies,0.8099613,0.2912131,0.5187482
125,equipment_mean_level,0.0,0.42978108,-0.42978108
125,hero_count,1.0,0.71282065,0.28717935
125,spell_mean_completion_ratio,0.40415135,0.1793082,0.22484314
125,troop_mean_level,1.8587099,1.6637032,0.19500673
125,hero_mean_completion_ratio,0.073484845,0.033141892,0.040342953
125,equipment_mean_completion_ratio,0.0,0.022571122,-0.022571122
125,troop_mean_completion_ratio,0.1586138,0.13922732,0.019386485
125,donation_ratio,0.0,0.011416805,-0.011416805
125,achievement_completion_ratio,0.24282765,0.23822038,0.004607275
125,attack_wins,0.0,0.00031302636,-0.00031302636
125,combat_activity_total,0.0,0.00031302636,-0.00031302636
125,defense_wins,0.0,0.0,0.0
125,achievement_count,53.0,53.0,0.0
126,clan_capital_contributions,15071.513,37854.02,-22782.508
126,best_trophies,174.58974,525.2875,-350.69775
126,trophies,0.20512821,156.61906,-156.41394
126,war_stars,4.6923075,13.777096,-9.084788
126,donation_balance,-0.94871795,-7.9788337,7.0301156
126,donations_received,3.5384614,9.601413,-6.062951
126,town_hall_level,8.0,5.940212,2.0597882
126,equipment_count,3.025641,1.2496161,1.7760248
126,troop_count,29.410257,27.636755,1.7735023
126,spell_count,3.974359,2.2023342,1.7720249
126,exp_level,30.205128,28.68128,1.5238476
126,donations,2.5897436,1.6225797,0.9671639
126,builder_hall_level,3.0,2.12609,0.87390995
126,equipment_mean_level,1.0256411,0.42978108,0.59586
126,hero_mean_level,3.102564,3.4917042,-0.38914013
126,builder_progression_ratio,0.9887089,0.67678493,0.31192398
126,progression_ratio_trophies,0.0012982799,0.2912131,-0.28991482
126,hero_count,1.0,0.71282065,0.28717935
126,spell_mean_level,2.236752,1.9587318,0.27802026
126,equipment_mean_completion_ratio,0.056861352,0.022571122,0.03429023
126,achievement_completion_ratio,0.21242881,0.23822038,-0.02579157
126,spell_mean_completion_ratio,0.199241,0.1793082,0.019932792
126,troop_mean_level,1.6507962,1.6637032,-0.012907028
126,donation_ratio,0.0003287311,0.011416805,-0.011088074
126,hero_mean_completion_ratio,0.028205128,0.033141892,-0.004936764
126,troop_mean_completion_ratio,0.1381307,0.13922732,-0.0010966212
126,attack_wins,0.0,0.00031302636,-0.00031302636
126,combat_activity_total,0.0,0.00031302636,-0.00031302636
126,defense_wins,0.0,0.0,0.0
126,achievement_count,53.0,53.0,0.0
127,clan_capital_contributions,111128.375,37854.02,73274.36
127,best_trophies,1785.6875,525.2875,1260.4
127,trophies,1.375,156.61906,-155.24406
127,war_stars,81.875,13.777096,68.0979
127,exp_level,77.6875,28.68128,49.006218
127,hero_mean_level,24.34375,3.4917042,20.852045
127,troop_count,42.625,27.636755,14.988245
127,equipment_count,11.6875,1.2496161,10.437883
127,donations_received,0.0,9.601413,-9.601413
127,spell_count,11.0,2.2023342,8.797666
127,donation_balance,0.0,-7.9788337,7.9788337
127,equipment_mean_level,5.916361,0.42978108,5.48658
127,town_hall_level,10.0,5.940212,4.059788
127,hero_count,4.0,0.71282065,3.2871795
127,builder_hall_level,5.0,2.12609,2.87391
127,troop_mean_level,3.7503805,1.6637032,2.0866773
127,donations,0.0,1.6225797,-1.6225797
127,spell_mean_level,3.5625,1.9587318,1.6037682
127,achievement_completion_ratio,0.6027924,0.23822038,0.364572
127,builder_progression_ratio,0.98117244,0.67678493,0.3043875
127,progression_ratio_trophies,0.00086197845,0.2912131,-0.29035112
127,equipment_mean_completion_ratio,0.30969536,0.022571122,0.28712425
127,spell_mean_completion_ratio,0.40305337,0.1793082,0.22374517
127,hero_mean_completion_ratio,0.2464681,0.033141892,0.2133262
127,troop_mean_completion_ratio,0.27318376,0.13922732,0.13395645
127,donation_ratio,0.0,0.011416805,-0.011416805
127,attack_wins,0.0,0.00031302636,-0.00031302636
127,combat_activity_total,0.0,0.00031302636,-0.00031302636
127,defense_wins,0.0,0.0,0.0
127,achievement_count,53.0,53.0,0.0
128,clan_capital_contributions,89441.41,37854.02,51587.387
128,best_trophies,873.5,525.2875,348.21252
128,trophies,0.0,156.61906,-156.61906
128,war_stars,54.772728,13.777096,40.995632
128,exp_level,51.5,28.68128,22.81872
128,donations_received,0.0,9.601413,-9.601413
128,donation_balance,0.0,-7.9788337,7.9788337
128,hero_mean_level,11.272727,3.4917042,7.781023
128,equipment_count,8.727273,1.2496161,7.477657
128,troop_count,34.68182,27.636755,7.045065
128,spell_count,7.909091,2.2023342,5.7067566
128,equipment_mean_level,3.6746933,0.42978108,3.2449121
128,town_hall_level,9.0,5.940212,3.0597882
128,hero_count,3.0,0.71282065,2.2871795
128,donations,0.0,1.6225797,-1.6225797
128,spell_mean_level,2.965909,1.9587318,1.0071772
128,troop_mean_level,2.5718138,1.6637032,0.9081106
128,builder_hall_level,3.0,2.12609,0.87390995
128,builder_progression_ratio,0.995964,0.67678493,0.31917906
128,progression_ratio_trophies,0.0,0.2912131,-0.2912131
128,equipment_mean_completion_ratio,0.1937096,0.022571122,0.17113848
128,spell_mean_completion_ratio,0.32279104,0.1793082,0.14348283
128,achievement_completion_ratio,0.3652689,0.23822038,0.1270485
128,hero_mean_completion_ratio,0.103479765,0.033141892,0.07033788
128,troop_mean_completion_ratio,0.20266505,0.13922732,0.06343773
128,donation_ratio,0.0,0.011416805,-0.011416805
128,attack_wins,0.0,0.00031302636,-0.00031302636
128,combat_activity_total,0.0,0.00031302636,-0.00031302636
128,defense_wins,0.0,0.0,0.0
128,achievement_count,53.0,53.0,0.0
129,clan_capital_contributions,546.7857,37854.02,-37307.234
129,trophies,708.4286,156.61906,551.8095
129,best_trophies,850.0,525.2875,324.71252
129,war_stars,3.2142856,13.777096,-10.56281
129,donations_received,0.0,9.601413,-9.601413
129,donation_balance,0.0,-7.9788337,7.9788337
129,exp_level,33.535713,28.68128,4.854433
129,hero_mean_level,0.0,3.4917042,-3.4917042
129,builder_hall_level,4.0,2.12609,1.87391
129,troop_count,29.464285,27.636755,1.8275299
129,donations,0.0,1.6225797,-1.6225797
129,equipment_count,0.0,1.2496161,-1.2496161
129,hero_count,0.0,0.71282065,-0.71282065
129,progression_ratio_trophies,0.83408576,0.2912131,0.54287267
129,spell_mean_level,1.5,1.9587318,-0.45873177
129,equipment_mean_level,0.0,0.42978108,-0.42978108
129,builder_progression_ratio,0.9831106,0.67678493,0.30632567
129,spell_count,2.0,2.2023342,-0.20233417
129,troop_mean_level,1.8357824,1.6637032,0.1720792
129,spell_mean_completion_ratio,0.11916207,0.1793082,-0.060146138
129,town_hall_level,6.0,5.940212,0.059788227
129,achievement_completion_ratio,0.29140925,0.23822038,0.053188875
129,hero_mean_completion_ratio,0.0,0.033141892,-0.033141892
129,equipment_mean_completion_ratio,0.0,0.022571122,-0.022571122
129,donation_ratio,0.0,0.011416805,-0.011416805
129,troop_mean_completion_ratio,0.14037447,0.13922732,0.001147151
129,attack_wins,0.0,0.00031302636,-0.00031302636
129,combat_activity_total,0.0,0.00031302636,-0.00031302636
129,defense_wins,0.0,0.0,0.0
129,achievement_count,53.0,53.0,0.0
130,clan_capital_contributions,76703.21,37854.02,38849.19
130,best_trophies,1425.2106,525.2875,899.9231
130,trophies,1.4473684,156.61906,-155.17169
130,exp_level,71.60526,28.68128,42.92398
130,war_stars,37.105263,13.777096,23.328167
130,hero_mean_level,17.967106,3.4917042,14.475402
130,troop_count,41.13158,27.636755,13.494825
130,equipment_count,9.921053,1.2496161,8.671436
130,donations_received,1.7368422,9.601413,-7.8645706
130,spell_count,9.0,2.2023342,6.7976656
130,donation_balance,-1.7368422,-7.9788337,6.2419915
130,equipment_mean_level,5.197262,0.42978108,4.767481
130,town_hall_level,10.0,5.940212,4.059788
130,hero_count,4.0,0.71282065,3.2871795
130,builder_hall_level,5.0,2.12609,2.87391
130,troop_mean_level,3.587218,1.6637032,1.9235148
130,donations,0.0,1.6225797,-1.6225797
130,spell_mean_level,3.368421,1.9587318,1.4096893
130,builder_progression_ratio,0.97361517,0.67678493,0.29683024
130,progression_ratio_trophies,0.0011786388,0.2912131,-0.29003444
130,achievement_completion_ratio,0.50089145,0.23822038,0.26267105
130,equipment_mean_completion_ratio,0.27845687,0.022571122,0.25588575
130,spell_mean_completion_ratio,0.37713772,0.1793082,0.19782951
130,hero_mean_completion_ratio,0.18255073,0.033141892,0.14940883
130,troop_mean_completion_ratio,0.25737318,0.13922732,0.11814587
130,donation_ratio,0.0,0.011416805,-0.011416805
130,attack_wins,0.0,0.00031302636,-0.00031302636
130,combat_activity_total,0.0,0.00031302636,-0.00031302636
130,defense_wins,0.0,0.0,0.0
130,achievement_count,53.0,53.0,0.0
131,clan_capital_contributions,55155.516,37854.02,17301.496
131,best_trophies,838.9429,525.2875,313.6554
131,trophies,0.0,156.61906,-156.61906
131,war_stars,57.971428,13.777096,44.194332
131,exp_level,50.085712,28.68128,21.404432
131,hero_mean_level,10.714286,3.4917042,7.222582
131,equipment_count,8.428572,1.2496161,7.1789556
131,troop_count,34.085712,27.636755,6.4489574
131,donations_received,3.4,9.601413,-6.2014127
131,donation_balance,-2.4857142,-7.9788337,5.4931192
131,town_hall_level,9.0,5.940212,3.0597882
131,spell_count,5.0285716,2.2023342,2.8262374
131,equipment_mean_level,2.855204,0.42978108,2.4254231
131,hero_count,3.0,0.71282065,2.2871795
131,spell_mean_level,3.8933332,1.9587318,1.9346014
131,builder_hall_level,3.0,2.12609,0.87390995
131,troop_mean_level,2.509332,1.6637032,0.84562874
131,donations,0.9142857,1.6225797,-0.708294
131,builder_progression_ratio,0.9928055,0.67678493,0.31602055
131,progression_ratio_trophies,0.0,0.2912131,-0.2912131
131,spell_mean_completion_ratio,0.3943546,0.1793082,0.2150464
131,equipment_mean_completion_ratio,0.14882672,0.022571122,0.1262556
131,achievement_completion_ratio,0.34181643,0.23822038,0.10359605
131,hero_mean_completion_ratio,0.09820916,0.033141892,0.06506726
131,troop_mean_completion_ratio,0.19870164,0.13922732,0.05947432
131,donation_ratio,0.0,0.011416805,-0.011416805
131,attack_wins,0.0,0.00031302636,-0.00031302636
131,combat_activity_total,0.0,0.00031302636,-0.00031302636
131,defense_wins,0.0,0.0,0.0
131,achievement_count,53.0,53.0,0.0
132,clan_capital_contributions,6650.1514,37854.02,-31203.867
132,best_trophies,176.21213,525.2875,-349.07535
132,trophies,176.21213,156.61906,19.593063
132,donations_received,26.666666,9.601413,17.065254
132,donations,11.848485,1.6225797,10.225905
132,war_stars,5.3333335,13.777096,-8.443762
132,donation_balance,-14.818182,-7.9788337,-6.8393483
132,troop_count,29.575758,27.636755,1.939003
132,equipment_count,0.0,1.2496161,-1.2496161
132,town_hall_level,7.030303,5.940212,1.0900912
132,hero_mean_level,2.4545455,3.4917042,-1.0371587
132,builder_hall_level,3.0,2.12609,0.87390995
132,spell_count,3.0,2.2023342,0.79766583
132,progression_ratio_trophies,1.0,0.2912131,0.7087869
132,spell_mean_level,2.6666667,1.9587318,0.707935
132,equipment_mean_level,0.0,0.42978108,-0.42978108
132,builder_progression_ratio,0.9916755,0.67678493,0.31489056
132,hero_count,1.0,0.71282065,0.28717935
132,exp_level,28.90909,28.68128,0.2278099
132,donation_ratio,0.21863636,0.011416805,0.20721956
132,spell_mean_completion_ratio,0.23532024,0.1793082,0.056012034
132,troop_mean_level,1.7190082,1.6637032,0.055305004
132,achievement_completion_ratio,0.21359989,0.23822038,-0.024620488
132,equipment_mean_completion_ratio,0.0,0.022571122,-0.022571122
132,hero_mean_completion_ratio,0.02231405,0.033141892,-0.010827843
132,troop_mean_completion_ratio,0.14095101,0.13922732,0.0017236918
132,attack_wins,0.0,0.00031302636,-0.00031302636
132,combat_activity_total,0.0,0.00031302636,-0.00031302636
132,defense_wins,0.0,0.0,0.0
132,achievement_count,53.0,53.0,0.0
133,clan_capital_contributions,189309.5,37854.02,151455.48
133,donations,2214.8,1.6225797,2213.1775
133,donations_received,2214.8,9.601413,2205.1987
133,best_trophies,705.95,525.2875,180.66254
133,trophies,0.0,156.61906,-156.61906
133,war_stars,133.65,13.777096,119.872894
133,exp_level,116.9,28.68128,88.21872
133,troop_count,70.0,27.636755,42.363243
133,equipment_count,28.95,1.2496161,27.700384
133,spell_count,18.0,2.2023342,15.797666
133,hero_mean_level,14.416666,3.4917042,10.924962
133,town_hall_level,16.0,5.940212,10.059788
133,donation_balance,0.0,-7.9788337,7.9788337
133,equipment_mean_level,7.0187807,0.42978108,6.5889997
133,hero_count,6.0,0.71282065,5.2871795
133,builder_hall_level,4.0,2.12609,1.87391
133,achievement_completion_ratio,1.6889766,0.23822038,1.4507563
133,donation_ratio,1.0001316,0.011416805,0.9887148
133,troop_mean_level,2.5814285,1.6637032,0.9177253
133,equipment_mean_completion_ratio,0.34860554,0.022571122,0.32603443
133,builder_progression_ratio,0.9869586,0.67678493,0.3101737
133,progression_ratio_trophies,0.0,0.2912131,-0.2912131
133,spell_mean_level,2.1972222,1.9587318,0.23849046
133,hero_mean_completion_ratio,0.22301504,0.033141892,0.18987314
133,spell_mean_completion_ratio,0.2833683,0.1793082,0.10406008
133,troop_mean_completion_ratio,0.23933324,0.13922732,0.10010593
133,attack_wins,0.0,0.00031302636,-0.00031302636
133,combat_activity_total,0.0,0.00031302636,-0.00031302636
133,defense_wins,0.0,0.0,0.0
133,achievement_count,53.0,53.0,0.0
134,clan_capital_contributions,39749.953,37854.02,1895.9336
134,best_trophies,268.61905,525.2875,-256.66843
134,trophies,0.8095238,156.61906,-155.80954
134,exp_level,58.47619,28.68128,29.794909
134,war_stars,32.238094,13.777096,18.460999
134,troop_count,40.190475,27.636755,12.55372
134,donation_balance,0.8095238,-7.9788337,8.788358
134,donations,9.666667,1.6225797,8.044087
134,equipment_count,8.809524,1.2496161,7.5599074
134,spell_count,8.904762,2.2023342,6.702428
134,equipment_mean_level,5.4544973,0.42978108,5.0247164
134,hero_mean_level,8.476191,3.4917042,4.9844866
134,hero_count,4.0,0.71282065,3.2871795
134,town_hall_level,9.0,5.940212,3.0597882
134,builder_hall_level,5.0,2.12609,2.87391
134,troop_mean_level,3.2124438,1.6637032,1.5487406
134,spell_mean_level,2.7923284,1.9587318,0.8335966
134,donations_received,8.857142,9.601413,-0.7442703
134,builder_progression_ratio,0.98555803,0.67678493,0.3087731
134,progression_ratio_trophies,0.0026984129,0.2912131,-0.28851467
134,equipment_mean_completion_ratio,0.29076034,0.022571122,0.26818922
134,donation_ratio,0.22580644,0.011416805,0.21438964
134,spell_mean_completion_ratio,0.30531058,0.1793082,0.12600237
134,achievement_completion_ratio,0.35877252,0.23822038,0.12055214
134,troop_mean_completion_ratio,0.23078863,0.13922732,0.09156132
134,hero_mean_completion_ratio,0.086471856,0.033141892,0.053329963
134,attack_wins,0.0,0.00031302636,-0.00031302636
134,combat_activity_total,0.0,0.00031302636,-0.00031302636
134,defense_wins,0.0,0.0,0.0
134,achievement_count,53.0,53.0,0.0
135,clan_capital_contributions,7301.25,37854.02,-30552.77
135,best_trophies,53.458332,525.2875,-471.82913
135,trophies,0.0,156.61906,-156.61906
135,war_stars,1.3333334,13.777096,-12.443763
135,donations_received,0.0,9.601413,-9.601413
135,donation_balance,0.0,-7.9788337,7.9788337
135,exp_level,22.583334,28.68128,-6.097946
135,town_hall_level,8.0,5.940212,2.0597882
135,equipment_count,3.0,1.2496161,1.7503839
135,donations,0.0,1.6225797,-1.6225797
135,hero_mean_level,2.0,3.4917042,-1.4917042
135,spell_mean_level,1.0,1.9587318,-0.9587318
135,troop_count,27.041666,27.636755,-0.59508896
135,equipment_mean_level,1.0,0.42978108,0.5702189
135,troop_mean_level,1.2314872,1.6637032,-0.43221605
135,builder_progression_ratio,0.99828345,0.67678493,0.3214985
135,progression_ratio_trophies,0.0,0.2912131,-0.2912131
135,hero_count,1.0,0.71282065,0.28717935
135,builder_hall_level,2.0,2.12609,-0.12609005
135,spell_count,2.0833333,2.2023342,-0.11900091
135,spell_mean_completion_ratio,0.08151455,0.1793082,-0.09779365
135,achievement_completion_ratio,0.16213891,0.23822038,-0.07608147
135,equipment_mean_completion_ratio,0.055555556,0.022571122,0.032984436
135,troop_mean_completion_ratio,0.11024243,0.13922732,-0.02898489
135,hero_mean_completion_ratio,0.018181818,0.033141892,-0.014960075
135,donation_ratio,0.0,0.011416805,-0.011416805
135,attack_wins,0.0,0.00031302636,-0.00031302636
135,combat_activity_total,0.0,0.00031302636,-0.00031302636
135,defense_wins,0.0,0.0,0.0
135,achievement_count,53.0,53.0,0.0
136,clan_capital_contributions,110147.98,37854.02,72293.95
136,best_trophies,1510.3116,525.2875,985.0242
136,trophies,0.38961038,156.61906,-156.22945
136,war_stars,120.35065,13.777096,106.57355
136,exp_level,85.19481,28.68128,56.513527
136,hero_mean_level,32.64935,3.4917042,29.157644
136,troop_count,41.18182,27.636755,13.545065
136,equipment_count,11.74026,1.2496161,10.490644
136,spell_count,11.0,2.2023342,8.797666
136,town_hall_level,10.0,5.940212,4.059788
136,equipment_mean_level,3.9492123,0.42978108,3.519431
136,spell_mean_level,4.3412046,1.9587318,2.382473
136,hero_count,3.0,0.71282065,2.2871795
136,builder_hall_level,4.0,2.12609,1.87391
136,troop_mean_level,3.4172034,1.6637032,1.7535002
136,donations,0.6753247,1.6225797,-0.947255
136,donation_balance,-8.545455,-7.9788337,-0.5666213
136,donations_received,9.220779,9.601413,-0.38063335
136,spell_mean_completion_ratio,0.5018194,0.1793082,0.32251117
136,builder_progression_ratio,0.9946533,0.67678493,0.31786835
136,achievement_completion_ratio,0.5459211,0.23822038,0.3077007
136,progression_ratio_trophies,0.00023288127,0.2912131,-0.29098022
136,hero_mean_completion_ratio,0.3060274,0.033141892,0.27288553
136,equipment_mean_completion_ratio,0.20270726,0.022571122,0.18013614
136,troop_mean_completion_ratio,0.26592994,0.13922732,0.12670262
136,donation_ratio,0.0069711055,0.011416805,-0.0044456995
136,attack_wins,0.0,0.00031302636,-0.00031302636
136,combat_activity_total,0.0,0.00031302636,-0.00031302636
136,defense_wins,0.0,0.0,0.0
136,achievement_count,53.0,53.0,0.0
137,clan_capital_contributions,22094.023,37854.02,-15759.996
137,best_trophies,1009.5238,525.2875,484.23633
137,trophies,1.1428572,156.61906,-155.47621
137,exp_level,46.95238,28.68128,18.271101
137,war_stars,23.071428,13.777096,9.2943325
137,troop_count,33.88095,27.636755,6.244196
137,donations_received,3.8095238,9.601413,-5.791889
137,donation_balance,-3.8095238,-7.9788337,4.1693096
137,hero_mean_level,7.2380953,3.4917042,3.746391
137,builder_hall_level,5.0,2.12609,2.87391
137,spell_mean_level,4.0,1.9587318,2.0412683
137,donations,0.0,1.6225797,-1.6225797
137,equipment_count,0.04761905,1.2496161,-1.201997
137,town_hall_level,7.0238094,5.940212,1.0835977
137,troop_mean_level,2.4962986,1.6637032,0.83259535
137,spell_count,3.0,2.2023342,0.79766583
137,equipment_mean_level,0.04761905,0.42978108,-0.38216203
137,builder_progression_ratio,0.98379356,0.67678493,0.30700862
137,progression_ratio_trophies,0.0012967201,0.2912131,-0.28991637
137,hero_count,1.0,0.71282065,0.28717935
137,spell_mean_completion_ratio,0.4041514,0.1793082,0.2248432
137,achievement_completion_ratio,0.34354895,0.23822038,0.105328575
137,troop_mean_completion_ratio,0.18067099,0.13922732,0.041443676
137,hero_mean_completion_ratio,0.069047615,0.033141892,0.035905723
137,equipment_mean_completion_ratio,0.0017636685,0.022571122,-0.020807454
137,donation_ratio,0.0,0.011416805,-0.011416805
137,attack_wins,0.0,0.00031302636,-0.00031302636
137,combat_activity_total,0.0,0.00031302636,-0.00031302636
137,defense_wins,0.0,0.0,0.0
137,achievement_count,53.0,53.0,0.0
138,clan_capital_contributions,42738.914,37854.02,4884.8945
138,best_trophies,1243.3695,525.2875,718.08203
138,trophies,0.0,156.61906,-156.61906
138,exp_level,78.82609,28.68128,50.144806
138,war_stars,43.934784,13.777096,30.157688
138,hero_mean_level,28.782608,3.4917042,25.290903
138,troop_count,40.47826,27.636755,12.841505
138,donations_received,0.0,9.601413,-9.601413
138,equipment_count,10.369565,1.2496161,9.119949
138,spell_count,11.0,2.2023342,8.797666
138,donation_balance,0.0,-7.9788337,7.9788337
138,town_hall_level,10.0,5.940212,4.059788
138,hero_count,3.0,0.71282065,2.2871795
138,builder_hall_level,4.0,2.12609,1.87391
138,donations,0.0,1.6225797,-1.6225797
138,troop_mean_level,3.1538458,1.6637032,1.4901426
138,spell_mean_level,3.211462,1.9587318,1.2527303
138,equipment_mean_level,1.6736165,0.42978108,1.2438354
138,builder_progression_ratio,0.988469,0.67678493,0.31168407
138,progression_ratio_trophies,0.0,0.2912131,-0.2912131
138,hero_mean_completion_ratio,0.26907635,0.033141892,0.23593445
138,achievement_completion_ratio,0.4517672,0.23822038,0.21354683
138,spell_mean_completion_ratio,0.36395812,0.1793082,0.18464991
138,troop_mean_completion_ratio,0.2427319,0.13922732,0.10350458
138,equipment_mean_completion_ratio,0.09022471,0.022571122,0.06765359
138,donation_ratio,0.0,0.011416805,-0.011416805
138,attack_wins,0.0,0.00031302636,-0.00031302636
138,combat_activity_total,0.0,0.00031302636,-0.00031302636
138,defense_wins,0.0,0.0,0.0
138,achievement_count,53.0,53.0,0.0
139,clan_capital_contributions,63956.277,37854.02,26102.258
139,best_trophies,1820.3055,525.2875,1295.0181
139,trophies,0.0,156.61906,-156.61906
139,exp_level,103.75,28.68128,75.06872
139,war_stars,66.19444,13.777096,52.417347
139,hero_mean_level,25.88889,3.4917042,22.397184
139,troop_count,45.0,27.636755,17.363245
139,equipment_count,13.0,1.2496161,11.750383
139,spell_count,11.944445,2.2023342,9.74211
139,donations_received,0.0,9.601413,-9.601413
139,donation_balance,0.8888889,-7.9788337,8.8677225
139,town_hall_level,11.0,5.940212,5.059788
139,hero_count,5.0,0.71282065,4.2871795
139,builder_hall_level,6.0,2.12609,3.87391
139,equipment_mean_level,2.6700244,0.42978108,2.2402434
139,troop_mean_level,3.7438512,1.6637032,2.080148
139,spell_mean_level,3.4398146,1.9587318,1.4810828
139,donations,0.8888889,1.6225797,-0.7336908
139,achievement_completion_ratio,0.62777674,0.23822038,0.38955635
139,progression_ratio_trophies,0.0,0.2912131,-0.2912131
139,builder_progression_ratio,0.9626909,0.67678493,0.28590596
139,hero_mean_completion_ratio,0.2733518,0.033141892,0.24020989
139,spell_mean_completion_ratio,0.4014925,0.1793082,0.2221843
139,troop_mean_completion_ratio,0.2740325,0.13922732,0.13480519
139,equipment_mean_completion_ratio,0.14776093,0.022571122,0.12518981
139,donation_ratio,0.0,0.011416805,-0.011416805
139,attack_wins,0.0,0.00031302636,-0.00031302636
139,combat_activity_total,0.0,0.00031302636,-0.00031302636
139,defense_wins,0.0,0.0,0.0
139,achievement_count,53.0,53.0,0.0
140,clan_capital_contributions,39534.047,37854.02,1680.0273
140,best_trophies,1397.9048,525.2875,872.6173
140,trophies,0.0,156.61906,-156.61906
140,exp_level,76.54762,28.68128,47.86634
140,war_stars,44.166668,13.777096,30.389572
140,hero_mean_level,18.785715,3.4917042,15.294011
140,troop_count,40.404762,27.636755,12.768007
140,donations_received,0.0,9.601413,-9.601413
140,donation_balance,0.0,-7.9788337,7.9788337
140,spell_count,9.0,2.2023342,6.7976656
140,equipment_count,5.8095236,1.2496161,4.5599074
140,town_hall_level,9.0,5.940212,3.0597882
140,builder_hall_level,5.0,2.12609,2.87391
140,hero_count,3.0,0.71282065,2.2871795
140,donations,0.0,1.6225797,-1.6225797
140,troop_mean_level,3.2848172,1.6637032,1.621114
140,equipment_mean_level,2.0263324,0.42978108,1.5965513
140,spell_mean_level,3.2857144,1.9587318,1.3269826
140,builder_progression_ratio,0.9848151,0.67678493,0.3080302
140,progression_ratio_trophies,0.0,0.2912131,-0.2912131
140,achievement_completion_ratio,0.4786218,0.23822038,0.24040143
140,spell_mean_completion_ratio,0.3682448,0.1793082,0.18893659
140,hero_mean_completion_ratio,0.17909548,0.033141892,0.14595358
140,troop_mean_completion_ratio,0.24097626,0.13922732,0.10174894
140,equipment_mean_completion_ratio,0.111288,0.022571122,0.08871688
140,donation_ratio,0.0,0.011416805,-0.011416805
140,attack_wins,0.0,0.00031302636,-0.00031302636
140,combat_activity_total,0.0,0.00031302636,-0.00031302636
140,defense_wins,0.0,0.0,0.0
140,achievement_count,53.0,53.0,0.0
141,clan_capital_contributions,77229.21,37854.02,39375.19
141,best_trophies,1450.303,525.2875,925.0155
141,trophies,0.8484849,156.61906,-155.77058
141,war_stars,63.969696,13.777096,50.1926
141,exp_level,77.121216,28.68128,48.439934
141,hero_mean_level,31.505049,3.4917042,28.013344
141,troop_count,41.696968,27.636755,14.060213
141,equipment_count,11.787879,1.2496161,10.538263
141,spell_count,11.0,2.2023342,8.797666
141,donations_received,3.060606,9.601413,-6.540807
141,donation_balance,-1.5757576,-7.9788337,6.403076
141,equipment_mean_level,5.1571074,0.42978108,4.7273264
141,town_hall_level,10.0,5.940212,4.059788
141,hero_count,3.0,0.71282065,2.2871795
141,builder_hall_level,4.0,2.12609,1.87391
141,troop_mean_level,3.3707492,1.6637032,1.707046
141,spell_mean_level,3.6584022,1.9587318,1.6996704
141,builder_progression_ratio,0.9883542,0.67678493,0.31156927
141,progression_ratio_trophies,0.0005538413,0.2912131,-0.29065925
141,achievement_completion_ratio,0.5281157,0.23822038,0.2898953
141,hero_mean_completion_ratio,0.29563093,0.033141892,0.26248905
141,equipment_mean_completion_ratio,0.26901188,0.022571122,0.24644077
141,spell_mean_completion_ratio,0.4149818,0.1793082,0.2356736
141,donations,1.4848485,1.6225797,-0.1377312
141,troop_mean_completion_ratio,0.25756806,0.13922732,0.118340746
141,donation_ratio,0.022904368,0.011416805,0.011487563
141,attack_wins,0.0,0.00031302636,-0.00031302636
141,combat_activity_total,0.0,0.00031302636,-0.00031302636
141,defense_wins,0.0,0.0,0.0
141,achievement_count,53.0,53.0,0.0
142,clan_capital_contributions,53224.047,37854.02,15370.027
142,best_trophies,2056.1365,525.2875,1530.849
142,trophies,0.0,156.61906,-156.61906
142,war_stars,141.61363,13.777096,127.83653
142,exp_level,103.84091,28.68128,75.15963
142,hero_mean_level,25.767046,3.4917042,22.275341
142,troop_count,43.886364,27.636755,16.249609
142,spell_count,11.0,2.2023342,8.797666
142,equipment_count,10.022727,1.2496161,8.773111
142,donations_received,1.5909091,9.601413,-8.010504
142,donation_balance,-1.5909091,-7.9788337,6.3879247
142,town_hall_level,10.0,5.940212,4.059788
142,builder_hall_level,6.0,2.12609,3.87391
142,hero_count,4.0,0.71282065,3.2871795
142,troop_mean_level,4.350242,1.6637032,2.686539
142,equipment_mean_level,2.8296144,0.42978108,2.3998332
142,spell_mean_level,4.3326445,1.9587318,2.3739128
142,donations,0.0,1.6225797,-1.6225797
142,achievement_completion_ratio,0.69489133,0.23822038,0.45667094
142,spell_mean_completion_ratio,0.50054,0.1793082,0.3212318
142,progression_ratio_trophies,0.0,0.2912131,-0.2912131
142,builder_progression_ratio,0.9596379,0.67678493,0.28285295
142,hero_mean_completion_ratio,0.2711575,0.033141892,0.2380156
142,troop_mean_completion_ratio,0.3065029,0.13922732,0.1672756
142,equipment_mean_completion_ratio,0.1560453,0.022571122,0.13347419
142,donation_ratio,0.0,0.011416805,-0.011416805
142,attack_wins,0.0,0.00031302636,-0.00031302636
142,combat_activity_total,0.0,0.00031302636,-0.00031302636
142,defense_wins,0.0,0.0,0.0
142,achievement_count,53.0,53.0,0.0
143,clan_capital_contributions,126879.74,37854.02,89025.72
143,best_trophies,2183.1738,525.2875,1657.8864
143,war_stars,212.21739,13.777096,198.44029
143,trophies,0.0,156.61906,-156.61906
143,exp_level,116.86957,28.68128,88.188286
143,hero_mean_level,31.139133,3.4917042,27.647429
143,troop_count,45.869564,27.636755,18.23281
143,equipment_count,16.47826,1.2496161,15.228643
143,donations_received,24.304348,9.601413,14.702935
143,donation_balance,-22.043478,-7.9788337,-14.064644
143,spell_count,12.0,2.2023342,9.797666
143,equipment_mean_level,6.1072783,0.42978108,5.6774974
143,town_hall_level,11.0,5.940212,5.059788
143,hero_count,5.0,0.71282065,4.2871795
143,builder_hall_level,6.0,2.12609,3.87391
143,troop_mean_level,4.727788,1.6637032,3.0640848
143,spell_mean_level,4.8913035,1.9587318,2.932572
143,donations,2.2608695,1.6225797,0.6382898
143,achievement_completion_ratio,0.87580025,0.23822038,0.63757986
143,spell_mean_completion_ratio,0.5866239,0.1793082,0.4073157
143,builder_progression_ratio,0.9758137,0.67678493,0.29902875
143,hero_mean_completion_ratio,0.32950965,0.033141892,0.29636776
143,progression_ratio_trophies,0.0,0.2912131,-0.2912131
143,equipment_mean_completion_ratio,0.30345926,0.022571122,0.28088814
143,troop_mean_completion_ratio,0.34170112,0.13922732,0.2024738
143,donation_ratio,0.0077871513,0.011416805,-0.0036296537
143,attack_wins,0.0,0.00031302636,-0.00031302636
143,combat_activity_total,0.0,0.00031302636,-0.00031302636
143,defense_wins,0.0,0.0,0.0
143,achievement_count,53.0,53.0,0.0
144,clan_capital_contributions,27986.45,37854.02,-9867.57
144,best_trophies,1506.8,525.2875,981.5126
144,trophies,0.0,156.61906,-156.61906
144,exp_level,84.7,28.68128,56.018715
144,war_stars,36.75,13.777096,22.972904
144,hero_mean_level,21.4375,3.4917042,17.945795
144,troop_count,42.95,27.636755,15.313246
144,equipment_count,10.1,1.2496161,8.850384
144,spell_count,10.95,2.2023342,8.747665
144,donations_received,1.75,9.601413,-7.851413
144,donation_balance,-1.65,-7.9788337,6.3288336
144,town_hall_level,10.0,5.940212,4.059788
144,builder_hall_level,6.0,2.12609,3.87391
144,hero_count,4.0,0.71282065,3.2871795
144,troop_mean_level,3.6443055,1.6637032,1.9806023
144,donations,0.1,1.6225797,-1.5225797
144,equipment_mean_level,1.825909,0.42978108,1.3961279
144,spell_mean_level,3.2413635,1.9587318,1.2826318
144,progression_ratio_trophies,0.0,0.2912131,-0.2912131
144,builder_progression_ratio,0.9512703,0.67678493,0.27448535
144,achievement_completion_ratio,0.5084008,0.23822038,0.2701804
144,spell_mean_completion_ratio,0.36519104,0.1793082,0.18588284
144,hero_mean_completion_ratio,0.21898839,0.033141892,0.1858465
144,troop_mean_completion_ratio,0.2612155,0.13922732,0.12198819
144,equipment_mean_completion_ratio,0.098644786,0.022571122,0.07607366
144,donation_ratio,0.0028571428,0.011416805,-0.008559662
144,attack_wins,0.0,0.00031302636,-0.00031302636
144,combat_activity_total,0.0,0.00031302636,-0.00031302636
144,defense_wins,0.0,0.0,0.0
144,achievement_count,53.0,53.0,0.0
145,clan_capital_contributions,127932.96,37854.02,90078.94
145,best_trophies,2295.3333,525.2875,1770.0458
145,trophies,0.0,156.61906,-156.61906
145,war_stars,157.83333,13.777096,144.05623
145,exp_level,115.958336,28.68128,87.277054
145,hero_mean_level,29.991667,3.4917042,26.499962
145,troop_count,45.708332,27.636755,18.071577
145,equipment_count,13.25,1.2496161,12.000383
145,spell_count,12.0,2.2023342,9.797666
145,donations_received,0.0,9.601413,-9.601413
145,donation_balance,0.0,-7.9788337,7.9788337
145,town_hall_level,11.0,5.940212,5.059788
145,hero_count,5.0,0.71282065,4.2871795
145,builder_hall_level,6.0,2.12609,3.87391
145,equipment_mean_level,3.8582876,0.42978108,3.4285064
145,troop_mean_level,4.727657,1.6637032,3.0639536
145,spell_mean_level,4.861111,1.9587318,2.9023795
145,donations,0.0,1.6225797,-1.6225797
145,achievement_completion_ratio,0.8542884,0.23822038,0.616068
145,spell_mean_completion_ratio,0.5824328,0.1793082,0.4031246
145,builder_progression_ratio,0.9750171,0.67678493,0.29823214
145,progression_ratio_trophies,0.0,0.2912131,-0.2912131
145,hero_mean_completion_ratio,0.31728682,0.033141892,0.28414494
145,troop_mean_completion_ratio,0.34199023,0.13922732,0.20276292
145,equipment_mean_completion_ratio,0.21330214,0.022571122,0.19073102
145,donation_ratio,0.0,0.011416805,-0.011416805
145,attack_wins,0.0,0.00031302636,-0.00031302636
145,combat_activity_total,0.0,0.00031302636,-0.00031302636
145,defense_wins,0.0,0.0,0.0
145,achievement_count,53.0,53.0,0.0
146,clan_capital_contributions,15504.0,37854.02,-22350.02
146,best_trophies,1511.7826,525.2875,986.4951
146,trophies,0.0,156.61906,-156.61906
146,exp_level,81.73913,28.68128,53.057846
146,war_stars,60.826088,13.777096,47.048992
146,hero_mean_level,20.347826,3.4917042,16.856121
146,troop_count,40.826088,27.636755,13.189333
146,donations_received,0.0,9.601413,-9.601413
146,donation_balance,0.0,-7.9788337,7.9788337
146,spell_count,9.0,2.2023342,6.7976656
146,equipment_count,5.869565,1.2496161,4.619949
146,town_hall_level,9.0,5.940212,3.0597882
146,builder_hall_level,5.0,2.12609,2.87391
146,hero_count,3.0,0.71282065,2.2871795
146,troop_mean_level,3.541699,1.6637032,1.8779957
146,equipment_mean_level,2.077536,0.42978108,1.647755
146,donations,0.0,1.6225797,-1.6225797
146,spell_mean_level,3.3285024,1.9587318,1.3697706
146,progression_ratio_trophies,0.0,0.2912131,-0.2912131
146,builder_progression_ratio,0.9436823,0.67678493,0.26689738
146,achievement_completion_ratio,0.48203936,0.23822038,0.24381898
146,spell_mean_completion_ratio,0.37253806,0.1793082,0.19322985
146,hero_mean_completion_ratio,0.200633,0.033141892,0.16749111
146,troop_mean_completion_ratio,0.2545007,0.13922732,0.11527337
146,equipment_mean_completion_ratio,0.11541867,0.022571122,0.09284755
146,donation_ratio,0.0,0.011416805,-0.011416805
146,attack_wins,0.0,0.00031302636,-0.00031302636
146,combat_activity_total,0.0,0.00031302636,-0.00031302636
146,defense_wins,0.0,0.0,0.0
146,achievement_count,53.0,53.0,0.0
147,clan_capital_contributions,18899.037,37854.02,-18954.982
147,best_trophies,1056.8518,525.2875,531.56433
147,trophies,0.0,156.61906,-156.61906
147,exp_level,59.88889,28.68128,31.20761
147,hero_mean_level,19.777779,3.4917042,16.286074
147,war_stars,29.074074,13.777096,15.296978
147,donations_received,0.7407407,9.601413,-8.860672
147,troop_count,36.37037,27.636755,8.733614
147,donation_balance,-0.7407407,-7.9788337,7.238093
147,spell_count,5.0,2.2023342,2.7976658
147,town_hall_level,8.0,5.940212,2.0597882
147,builder_hall_level,4.0,2.12609,1.87391
147,spell_mean_level,3.792593,1.9587318,1.8338612
147,equipment_count,3.0370371,1.2496161,1.787421
147,donations,0.0,1.6225797,-1.6225797
147,troop_mean_level,2.750398,1.6637032,1.0866947
147,equipment_mean_level,1.0740741,0.42978108,0.64429307
147,builder_progression_ratio,0.9826036,0.67678493,0.30581868
147,progression_ratio_trophies,0.0,0.2912131,-0.2912131
147,hero_count,1.0,0.71282065,0.28717935
147,spell_mean_completion_ratio,0.3853887,0.1793082,0.2060805
147,hero_mean_completion_ratio,0.17979796,0.033141892,0.14665607
147,achievement_completion_ratio,0.36861825,0.23822038,0.13039787
147,troop_mean_completion_ratio,0.20382516,0.13922732,0.064597845
147,equipment_mean_completion_ratio,0.059499316,0.022571122,0.03692819
147,donation_ratio,0.0,0.011416805,-0.011416805
147,attack_wins,0.0,0.00031302636,-0.00031302636
147,combat_activity_total,0.0,0.00031302636,-0.00031302636
147,defense_wins,0.0,0.0,0.0
147,achievement_count,53.0,53.0,0.0
148,clan_capital_contributions,63470.7,37854.02,25616.68
148,best_trophies,1703.65,525.2875,1178.3625
148,trophies,0.0,156.61906,-156.61906
148,war_stars,86.35,13.777096,72.57291
148,exp_level,96.1,28.68128,67.41872
148,hero_mean_level,24.32,3.4917042,20.828295
148,troop_count,44.15,27.636755,16.513247
148,equipment_count,15.9,1.2496161,14.650383
148,donation_balance,-20.55,-7.9788337,-12.571165
148,donations_received,20.6,9.601413,10.998588
148,spell_count,11.9,2.2023342,9.697665
148,town_hall_level,11.0,5.940212,5.059788
148,equipment_mean_level,4.723403,0.42978108,4.293622
148,hero_count,5.0,0.71282065,4.2871795
148,builder_hall_level,5.0,2.12609,2.87391
148,troop_mean_level,3.9854112,1.6637032,2.321708
148,spell_mean_level,4.2488637,1.9587318,2.290132
148,donations,0.05,1.6225797,-1.5725797
148,achievement_completion_ratio,0.64029133,0.23822038,0.40207094
148,spell_mean_completion_ratio,0.5019289,0.1793082,0.32262072
148,builder_progression_ratio,0.9818349,0.67678493,0.30504996
148,progression_ratio_trophies,0.0,0.2912131,-0.2912131
148,hero_mean_completion_ratio,0.24462445,0.033141892,0.21148255
148,equipment_mean_completion_ratio,0.23229167,0.022571122,0.20972055
148,troop_mean_completion_ratio,0.2960804,0.13922732,0.1568531
148,donation_ratio,0.00036231885,0.011416805,-0.011054486
148,attack_wins,0.0,0.00031302636,-0.00031302636
148,combat_activity_total,0.0,0.00031302636,-0.00031302636
148,defense_wins,0.0,0.0,0.0
148,achievement_count,53.0,53.0,0.0
149,clan_capital_contributions,4857.129,37854.02,-32996.89
149,best_trophies,1120.4193,525.2875,595.13184
149,trophies,712.3871,156.61906,555.768
149,exp_level,49.83871,28.68128,21.15743
149,donations_received,0.0,9.601413,-9.601413
149,donation_balance,0.0,-7.9788337,7.9788337
149,troop_count,34.0,27.636755,6.363245
149,war_stars,16.774193,13.777096,2.997097
149,builder_hall_level,5.0,2.12609,2.87391
149,spell_mean_level,4.0,1.9587318,2.0412683
149,donations,0.0,1.6225797,-1.6225797
149,hero_mean_level,4.774194,3.4917042,1.2824895
149,equipment_count,0.0,1.2496161,-1.2496161
149,town_hall_level,7.032258,5.940212,1.0920463
149,troop_mean_level,2.5228662,1.6637032,0.85916305
149,spell_count,3.0,2.2023342,0.79766583
149,equipment_mean_level,0.0,0.42978108,-0.42978108
149,progression_ratio_trophies,0.63854074,0.2912131,0.34732765
149,builder_progression_ratio,0.98347837,0.67678493,0.30669343
149,hero_count,1.0,0.71282065,0.28717935
149,spell_mean_completion_ratio,0.4041513,0.1793082,0.22484308
149,achievement_completion_ratio,0.35044083,0.23822038,0.11222045
149,troop_mean_completion_ratio,0.1813385,0.13922732,0.04211119
149,equipment_mean_completion_ratio,0.0,0.022571122,-0.022571122
149,donation_ratio,0.0,0.011416805,-0.011416805
149,hero_mean_completion_ratio,0.043401748,0.033141892,0.010259856
149,attack_wins,0.0,0.00031302636,-0.00031302636
149,combat_activity_total,0.0,0.00031302636,-0.00031302636
149,defense_wins,0.0,0.0,0.0
149,achievement_count,53.0,53.0,0.0
150,clan_capital_contributions,34348.906,37854.02,-3505.1133
150,best_trophies,1414.8096,525.2875,889.5221
150,trophies,0.0,156.61906,-156.61906
150,exp_level,75.809525,28.68128,47.128242
150,war_stars,28.904762,13.777096,15.127666
150,hero_mean_level,18.166666,3.4917042,14.674962
150,troop_count,41.238094,27.636755,13.601339
150,donations_received,0.0,9.601413,-9.601413
150,donation_balance,0.0,-7.9788337,7.9788337
150,equipment_count,8.142858,1.2496161,6.8932414
150,spell_count,9.0,2.2023342,6.7976656
150,builder_hall_level,6.0,2.12609,3.87391
150,hero_count,4.0,0.71282065,3.2871795
150,town_hall_level,9.0,5.940212,3.0597882
150,donations,0.0,1.6225797,-1.6225797
150,troop_mean_level,3.2708933,1.6637032,1.6071901
150,spell_mean_level,3.2962964,1.9587318,1.3375646
150,equipment_mean_level,1.7243388,0.42978108,1.2945577
150,progression_ratio_trophies,0.0,0.2912131,-0.2912131
150,builder_progression_ratio,0.9474471,0.67678493,0.2706622
150,achievement_completion_ratio,0.46545455,0.23822038,0.22723417
150,spell_mean_completion_ratio,0.369192,0.1793082,0.1898838
150,hero_mean_completion_ratio,0.18721727,0.033141892,0.15407537
150,troop_mean_completion_ratio,0.2395889,0.13922732,0.100361586
150,equipment_mean_completion_ratio,0.09439546,0.022571122,0.071824335
150,donation_ratio,0.0,0.011416805,-0.011416805
150,attack_wins,0.0,0.00031302636,-0.00031302636
150,combat_activity_total,0.0,0.00031302636,-0.00031302636
150,defense_wins,0.0,0.0,0.0
150,achievement_count,53.0,53.0,0.0
151,clan_capital_contributions,6294.0557,37854.02,-31559.965
151,trophies,727.64813,156.61906,571.02905
151,best_trophies,939.6667,525.2875,414.3792
151,exp_level,43.944443,28.68128,15.263163
151,donations_received,0.0,9.601413,-9.601413
151,donation_balance,0.0,-7.9788337,7.9788337
151,war_stars,7.537037,13.777096,-6.240059
151,troop_count,33.074074,27.636755,5.437319
151,builder_hall_level,4.0,2.12609,1.87391
151,donations,0.0,1.6225797,-1.6225797
151,equipment_count,0.018518519,1.2496161,-1.2310976
151,town_hall_level,7.0,5.940212,1.0597882
151,spell_mean_level,3.0061727,1.9587318,1.0474409
151,spell_count,2.9814816,2.2023342,0.7791474
151,troop_mean_level,2.19759,1.6637032,0.5338869
151,progression_ratio_trophies,0.7761445,0.2912131,0.4849314
151,equipment_mean_level,0.018518519,0.42978108,-0.41126257
151,hero_mean_level,3.851852,3.4917042,0.3601477
151,builder_progression_ratio,0.9879581,0.67678493,0.31117314
151,hero_count,1.0,0.71282065,0.28717935
151,spell_mean_completion_ratio,0.27639568,0.1793082,0.09708747
151,achievement_completion_ratio,0.33102086,0.23822038,0.09280048
151,troop_mean_completion_ratio,0.16259266,0.13922732,0.023365349
151,equipment_mean_completion_ratio,0.00068587105,0.022571122,-0.021885252
151,donation_ratio,0.0,0.011416805,-0.011416805
151,hero_mean_completion_ratio,0.03501683,0.033141892,0.0018749386
151,attack_wins,0.0,0.00031302636,-0.00031302636
151,combat_activity_total,0.0,0.00031302636,-0.00031302636
151,defense_wins,0.0,0.0,0.0
151,achievement_count,53.0,53.0,0.0
152,clan_capital_contributions,13492.8,37854.02,-24361.219
152,trophies,848.76666,156.61906,692.1476
152,best_trophies,1183.1666,525.2875,657.87915
152,war_stars,80.9,13.777096,67.12291
152,exp_level,60.666668,28.68128,31.985388
152,donations_received,0.0,9.601413,-9.601413
152,donation_balance,0.0,-7.9788337,7.9788337
152,troop_count,34.233334,27.636755,6.5965786
152,hero_mean_level,9.9,3.4917042,6.4082956
152,spell_count,5.0,2.2023342,2.7976658
152,town_hall_level,8.0,5.940212,2.0597882
152,spell_mean_level,3.7600005,1.9587318,1.8012687
152,donations,0.0,1.6225797,-1.6225797
152,equipment_count,0.0,1.2496161,-1.2496161
152,builder_hall_level,3.0,2.12609,0.87390995
152,troop_mean_level,2.4989977,1.6637032,0.8352945
152,equipment_mean_level,0.0,0.42978108,-0.42978108
152,progression_ratio_trophies,0.72011256,0.2912131,0.42889947
152,builder_progression_ratio,0.9915484,0.67678493,0.3147635
152,hero_count,1.0,0.71282065,0.28717935
152,spell_mean_completion_ratio,0.38176435,0.1793082,0.20245615
152,achievement_completion_ratio,0.37965706,0.23822038,0.14143668
152,hero_mean_completion_ratio,0.08999998,0.033141892,0.05685809
152,troop_mean_completion_ratio,0.19406742,0.13922732,0.054840103
152,equipment_mean_completion_ratio,0.0,0.022571122,-0.022571122
152,donation_ratio,0.0,0.011416805,-0.011416805
152,attack_wins,0.0,0.00031302636,-0.00031302636
152,combat_activity_total,0.0,0.00031302636,-0.00031302636
152,defense_wins,0.0,0.0,0.0
152,achievement_count,53.0,53.0,0.0
153,clan_capital_contributions,128.125,37854.02,-37725.895
153,best_trophies,752.125,525.2875,226.83752
153,trophies,0.0,156.61906,-156.61906
153,war_stars,2.3125,13.777096,-11.464596
153,donations_received,0.0,9.601413,-9.601413
153,exp_level,38.0,28.68128,9.31872
153,donation_balance,0.0,-7.9788337,7.9788337
153,hero_mean_level,0.0,3.4917042,-3.4917042
153,troop_count,31.0625,27.636755,3.425745
153,builder_hall_level,4.0,2.12609,1.87391
153,donations,0.0,1.6225797,-1.6225797
153,spell_mean_level,3.3958333,1.9587318,1.4371015
153,equipment_count,0.0,1.2496161,-1.2496161
153,town_hall_level,7.0,5.940212,1.0597882
153,spell_count,3.0,2.2023342,0.79766583
153,hero_count,0.0,0.71282065,-0.71282065
153,equipment_mean_level,0.0,0.42978108,-0.42978108
153,builder_progression_ratio,0.9853616,0.67678493,0.30857664
153,troop_mean_level,1.9678015,1.6637032,0.30409825
153,progression_ratio_trophies,0.0,0.2912131,-0.2912131
153,spell_mean_completion_ratio,0.33050978,0.1793082,0.15120158
153,achievement_completion_ratio,0.30054933,0.23822038,0.06232895
153,hero_mean_completion_ratio,0.0,0.033141892,-0.033141892
153,equipment_mean_completion_ratio,0.0,0.022571122,-0.022571122
153,troop_mean_completion_ratio,0.15610856,0.13922732,0.016881242
153,donation_ratio,0.0,0.011416805,-0.011416805
153,attack_wins,0.0,0.00031302636,-0.00031302636
153,combat_activity_total,0.0,0.00031302636,-0.00031302636
153,defense_wins,0.0,0.0,0.0
153,achievement_count,53.0,53.0,0.0
154,clan_capital_contributions,59417.8,37854.02,21563.781
154,best_trophies,2060.0,525.2875,1534.7125
154,trophies,0.0,156.61906,-156.61906
154,war_stars,103.3,13.777096,89.5229
154,exp_level,115.8,28.68128,87.11872
154,hero_mean_level,29.680002,3.4917042,26.188297
154,troop_count,45.8,27.636755,18.163244
154,equipment_count,13.4,1.2496161,12.150383
154,spell_count,12.0,2.2023342,9.797666
154,donations_received,0.0,9.601413,-9.601413
154,donation_balance,0.0,-7.9788337,7.9788337
154,town_hall_level,11.0,5.940212,5.059788
154,hero_count,5.0,0.71282065,4.2871795
154,builder_hall_level,6.0,2.12609,3.87391
154,troop_mean_level,4.8408213,1.6637032,3.177118
154,equipment_mean_level,3.3615384,0.42978108,2.9317575
154,spell_mean_level,4.258333,1.9587318,2.2996016
154,donations,0.0,1.6225797,-1.6225797
154,achievement_completion_ratio,0.7984283,0.23822038,0.5602079
154,spell_mean_completion_ratio,0.5062831,0.1793082,0.3269749
154,progression_ratio_trophies,0.0,0.2912131,-0.2912131
154,hero_mean_completion_ratio,0.32234615,0.033141892,0.28920427
154,builder_progression_ratio,0.95380294,0.67678493,0.277018
154,troop_mean_completion_ratio,0.34265098,0.13922732,0.20342366
154,equipment_mean_completion_ratio,0.18556167,0.022571122,0.16299056
154,donation_ratio,0.0,0.011416805,-0.011416805
154,attack_wins,0.0,0.00031302636,-0.00031302636
154,combat_activity_total,0.0,0.00031302636,-0.00031302636
154,defense_wins,0.0,0.0,0.0
154,achievement_count,53.0,53.0,0.0
155,clan_capital_contributions,47881.69,37854.02,10027.672
155,best_trophies,1108.6923,525.2875,583.4048
155,trophies,0.0,156.61906,-156.61906
155,war_stars,53.76923,13.777096,39.992134
155,exp_level,55.23077,28.68128,26.54949
155,hero_mean_level,13.282052,3.4917042,9.790348
155,donations_received,0.0,9.601413,-9.601413
155,troop_count,36.46154,27.636755,8.824785
155,donation_balance,0.0,-7.9788337,7.9788337
155,equipment_count,9.0,1.2496161,7.750384
155,spell_count,9.0,2.2023342,6.7976656
155,equipment_mean_level,4.3119664,0.42978108,3.8821855
155,town_hall_level,9.0,5.940212,3.0597882
155,hero_count,3.0,0.71282065,2.2871795
155,donations,0.0,1.6225797,-1.6225797
155,troop_mean_level,2.6656241,1.6637032,1.0019209
155,builder_hall_level,3.0,2.12609,0.87390995
155,spell_mean_level,2.820513,1.9587318,0.86178124
155,builder_progression_ratio,0.99370384,0.67678493,0.3169189
155,progression_ratio_trophies,0.0,0.2912131,-0.2912131
155,equipment_mean_completion_ratio,0.22796772,0.022571122,0.20539661
155,achievement_completion_ratio,0.40689856,0.23822038,0.16867818
155,spell_mean_completion_ratio,0.3085118,0.1793082,0.12920359
155,hero_mean_completion_ratio,0.12232855,0.033141892,0.08918665
155,troop_mean_completion_ratio,0.21038522,0.13922732,0.0711579
155,donation_ratio,0.0,0.011416805,-0.011416805
155,attack_wins,0.0,0.00031302636,-0.00031302636
155,combat_activity_total,0.0,0.00031302636,-0.00031302636
155,defense_wins,0.0,0.0,0.0
155,achievement_count,53.0,53.0,0.0
156,clan_capital_contributions,35194.61,37854.02,-2659.4102
156,best_trophies,1402.7222,525.2875,877.4347
156,trophies,0.0,156.61906,-156.61906
156,exp_level,81.666664,28.68128,52.985382
156,war_stars,36.11111,13.777096,22.334015
156,hero_mean_level,20.305555,3.4917042,16.81385
156,troop_count,42.333332,27.636755,14.696577
156,donations_received,0.0,9.601413,-9.601413
156,equipment_count,10.388889,1.2496161,9.139273
156,spell_count,11.0,2.2023342,8.797666
156,donation_balance,0.0,-7.9788337,7.9788337
156,town_hall_level,10.0,5.940212,4.059788
156,hero_count,4.0,0.71282065,3.2871795
156,builder_hall_level,5.0,2.12609,2.87391
156,equipment_mean_level,3.2708752,0.42978108,2.841094
156,donations,0.0,1.6225797,-1.6225797
156,troop_mean_level,3.242298,1.6637032,1.5785947
156,spell_mean_level,3.0959597,1.9587318,1.1372279
156,builder_progression_ratio,0.9688518,0.67678493,0.29206687
156,progression_ratio_trophies,0.0,0.2912131,-0.2912131
156,achievement_completion_ratio,0.49736786,0.23822038,0.25914747
156,spell_mean_completion_ratio,0.34922346,0.1793082,0.16991526
156,hero_mean_completion_ratio,0.19889307,0.033141892,0.16575117
156,equipment_mean_completion_ratio,0.17855096,0.022571122,0.15597984
156,troop_mean_completion_ratio,0.242275,0.13922732,0.103047684
156,donation_ratio,0.0,0.011416805,-0.011416805
156,attack_wins,0.0,0.00031302636,-0.00031302636
156,combat_activity_total,0.0,0.00031302636,-0.00031302636
156,defense_wins,0.0,0.0,0.0
156,achievement_count,53.0,53.0,0.0
157,clan_capital_contributions,50217.066,37854.02,12363.047
157,best_trophies,1340.4,525.2875,815.11255
157,trophies,0.0,156.61906,-156.61906
157,exp_level,77.26667,28.68128,48.58539
157,hero_mean_level,28.311115,3.4917042,24.81941
157,war_stars,31.466667,13.777096,17.689571
157,troop_count,40.2,27.636755,12.563246
157,donations_received,21.266666,9.601413,11.665254
157,equipment_count,10.333333,1.2496161,9.083717
157,spell_count,11.0,2.2023342,8.797666
157,donations,8.0,1.6225797,6.3774204
157,donation_balance,-13.266666,-7.9788337,-5.2878327
157,town_hall_level,10.0,5.940212,4.059788
157,equipment_mean_level,2.9066665,0.42978108,2.4768853
157,hero_count,3.0,0.71282065,2.2871795
157,builder_hall_level,4.0,2.12609,1.87391
157,spell_mean_level,3.2545455,1.9587318,1.2958137
157,troop_mean_level,2.942481,1.6637032,1.2787778
157,builder_progression_ratio,0.9952281,0.67678493,0.31844318
157,progression_ratio_trophies,0.0,0.2912131,-0.2912131
157,hero_mean_completion_ratio,0.26512492,0.033141892,0.23198302
157,achievement_completion_ratio,0.46629527,0.23822038,0.2280749
157,spell_mean_completion_ratio,0.37091774,0.1793082,0.19160953
157,equipment_mean_completion_ratio,0.1580303,0.022571122,0.13545918
157,troop_mean_completion_ratio,0.23017283,0.13922732,0.09094551
157,donation_ratio,0.031496063,0.011416805,0.020079259
157,attack_wins,0.0,0.00031302636,-0.00031302636
157,combat_activity_total,0.0,0.00031302636,-0.00031302636
157,defense_wins,0.0,0.0,0.0
157,achievement_count,53.0,53.0,0.0
158,clan_capital_contributions,17007.867,37854.02,-20846.152
158,best_trophies,94.666664,525.2875,-430.62082
158,trophies,0.0,156.61906,-156.61906
158,donation_balance,-14.4,-7.9788337,-6.421166
158,war_stars,8.466666,13.777096,-5.3104296
158,donations_received,14.466666,9.601413,4.8652534
158,exp_level,24.466667,28.68128,-4.214613
158,builder_hall_level,0.0,2.12609,-2.12609
158,donations,0.06666667,1.6225797,-1.555913
158,equipment_count,0.0,1.2496161,-1.2496161
158,town_hall_level,7.0666666,5.940212,1.1264548
158,spell_count,3.0,2.2023342,0.79766583
158,hero_mean_level,2.8,3.4917042,-0.6917043
158,builder_progression_ratio,0.0,0.67678493,-0.67678493
158,troop_count,28.066668,27.636755,0.42991257
158,equipment_mean_level,0.0,0.42978108,-0.42978108
158,progression_ratio_trophies,0.0,0.2912131,-0.2912131
158,hero_count,1.0,0.71282065,0.28717935
158,troop_mean_level,1.3908502,1.6637032,-0.27285302
158,achievement_completion_ratio,0.15498662,0.23822038,-0.08323376
158,equipment_mean_completion_ratio,0.0,0.022571122,-0.022571122
158,spell_mean_level,1.9777777,1.9587318,0.019045949
158,troop_mean_completion_ratio,0.12332074,0.13922732,-0.015906572
158,donation_ratio,0.0007017544,0.011416805,-0.010715051
158,hero_mean_completion_ratio,0.025454545,0.033141892,-0.007687347
158,spell_mean_completion_ratio,0.17814405,0.1793082,-0.0011641532
158,attack_wins,0.0,0.00031302636,-0.00031302636
158,combat_activity_total,0.0,0.00031302636,-0.00031302636
158,defense_wins,0.0,0.0,0.0
158,achievement_count,53.0,53.0,0.0
159,clan_capital_contributions,71091.336,37854.02,33237.316
159,best_trophies,1908.4445,525.2875,1383.157
159,trophies,0.0,156.61906,-156.61906
159,exp_level,104.611115,28.68128,75.92983
159,war_stars,69.888885,13.777096,56.11179
159,hero_mean_level,30.188887,3.4917042,26.697182
159,troop_count,45.77778,27.636755,18.141024
159,equipment_count,15.833333,1.2496161,14.583717
159,spell_count,12.0,2.2023342,9.797666
159,donations_received,3.7222223,9.601413,-5.8791904
159,equipment_mean_level,5.861012,0.42978108,5.431231
159,town_hall_level,11.0,5.940212,5.059788
159,hero_count,5.0,0.71282065,4.2871795
159,donation_balance,-3.7222223,-7.9788337,4.2566113
159,builder_hall_level,6.0,2.12609,3.87391
159,troop_mean_level,4.5857677,1.6637032,2.9220645
159,spell_mean_level,4.601852,1.9587318,2.6431203
159,donations,0.0,1.6225797,-1.6225797
159,achievement_completion_ratio,0.7432656,0.23822038,0.50504524
159,spell_mean_completion_ratio,0.55025077,0.1793082,0.37094256
159,builder_progression_ratio,0.9780644,0.67678493,0.3012795
159,progression_ratio_trophies,0.0,0.2912131,-0.2912131
159,hero_mean_completion_ratio,0.3188596,0.033141892,0.28571773
159,equipment_mean_completion_ratio,0.2949312,0.022571122,0.2723601
159,troop_mean_completion_ratio,0.33297232,0.13922732,0.193745
159,donation_ratio,0.0,0.011416805,-0.011416805
159,attack_wins,0.0,0.00031302636,-0.00031302636
159,combat_activity_total,0.0,0.00031302636,-0.00031302636
159,defense_wins,0.0,0.0,0.0
159,achievement_count,53.0,53.0,0.0
